Begriff;Definition;Erläuterung;Verwendungshinweis;Von;Bis
Abbaukammer;Eine Abbaukammer ist Bestandteil einer Untertageanlage in Form eines kammerartig eingeteilten Abbauraums, der im bergmännischen Abbauverfahren des Kammerbaus entsteht.;;;;
Abdruck (Vertiefung);;;;;
Abfallgrube;Eine Abfallgrube ist eine Grube, die zur dauerhaften Entsorgung von Abfall genutzt wird.;;;;
Abortgrube;Eine Abortgrube ist eine Grube, die eine Kanalisation ersetzt und menschliche Abgangsstoffe auffängt.;;;;
Abraumhalde;Eine Abraumhalde ist eine Halde, die aus dem ausgeräumten, wertlosen Material besteht, das beim Abbau von Bodenschätzen anfällt.;;"Benutzt für die aus dem Abbau von Rohstoffen resultierende Aufschüttung; für die Halde eines Steinkohlenbergwerks siehe Bergehalde.";;
Abri;Ein Abri ist eine Landschaftsform oder ein Landschaftsraum, der als Nische unter Felsüberhängen zu finden ist und natürlichen Schutz für Rast oder Wohnstätten bietet.;;;;
Abschnittsbefestigung;Eine Abschnittsbefestigung ist eine Befestigungsanlage, die eine topographische Engstelle eines ansonsten natürlich unzugänglichen Geländes (Bergsporn, Halbinsel) abriegelt.;;;;
Absetzbecken;Ein Absetzbecken ist ein Becken, in dem Abwässer von Feststoffen getrennt werden. Da in dem Becken kaum Strömung herrscht, können die im Wasser enthaltenen Feststoffe zu Boden sinken.;;;;
Absturzstelle;Eine Absturzstelle ist ein offener Raum, an dem ein Lebewesen oder ein Fahrzeug aus größerer Höhe fallend, verunglückt.;;;;
Abzugsloch (Ofen);;;;;
A-Horizont;;;;;
Alenkastell;Ein Alenkastell ist ein römisches Auxiliarlager, in dem eine berittene Einheit (ala quingenaria oder ala milliaria, Kavallerieeinheiten) stationiert ist.;;;;
Altacker (Landwirtschaft);;Im Gelände können sich Altäcker als terrassierte Fläche zeigen, die als Grünland genutzt wird oder mit Wald bestanden ist.;;;
Amphitheater;Ein Amphitheater ist ein Theaterbau, der eine ovale oder kreisförmige Form aufweist.;Die Form des Amphitheaters mit stufenweise ansteigenden Sitzreihen,  hohen Außenmauern oder Eintiefung in die Erde wird in der Gartenkunst für die Gestaltung von Freilichttheatern aufgenommen.;;;
Anlegestelle;Eine Anlegestelle ist ein offener Raum an Gewässerufern, in dem Wasserfahrzeuge anlegen können.;;;;
Aquädukt;Ein Aquädukt ist eine Wasserleitung, bei der das Wasser in offenen oder abgedeckten Kanälen über eine oft mehrgeschossige Bogenbrücke in natürlichem Gefälle zu einem Ziel geleitet wird.;;;;
Aquäduktbrücke;Eine Aquäduktbrücke ist der Bestandteil eines Aquädukts, durch das eine Wasserleitung oder einen natürlichen oder künstlichen Wasserlauf über ein Gelände oder Terraineinschnitte geführt wird.;;;;
Aquädukttunnel;Ein Aquädukttunnel ist ein Tunnel, in dem ein Aquädukt durch Berge hindurchgeführt wird.;;;;
Arbeitsfläche (Archäologie);Eine Arbeitsfläche ist eine Stelle, die in der Archäologie alle Arbeitsbereiche, wie Flächen, Sondagen und Quadranten, umfasst.;;;;
Arbeitsgrube;;;;;
Arbeitslager;Ein Arbeitslager ist ein Gefangenenlager, in dem Menschen zur Ausbeutung ihrer Arbeitskraft durch Zwangsarbeit festgehalten werden.;;;;
Ärmchen (Ofen);;;;;
Aschengrube (Ofen);;;;;
Aschenkiste;Eine Aschenkiste ist ein Behältnis, in dem die Reste einer Brandbestattung aufbewahrt werden.;Eine Aschenkiste ist ähnlich einem Sarkophag, kann aber deutlich kleiner sein. Sie nimmt die vom Verbrennungsplatz ausgelesenen Reste der Brandbestattung auf. Eine Aschenkiste muss nicht in der Erde bestattet sein.;"Benutzt für das Behältnis zur Aufbewahrung von Resten einer Brandbestattung; für den Bestandteil eines Ofens siehe Aschkasten.";;
Atriumhaus;Ein Atriumhaus ist ein Bauwerk, dessen Räume auf einen Innenhof gerichtet sind.;;;;
Auensediment;Ein Auensediment ist ein Sediment, das im Auenbereich von Wasserläufen bei Überflutungen abgelagert wird.;;;;
Aufschüttung (Bauwerk);Eine Aufschüttung ist ein Erdbauwerk in Form einer künstlichen Erhöhung, die durch die Anhäufung von Material entstanden ist.;;;;
Ausbruchgraben;;;;;
Ausbruchgrube;;;;;
Ausbruchsbefund;;;;;
Ausfachung;Eine Ausfachung ist die Füllung eines Gefaches.;Der Verschluss der einzelnen Gefache erfolgt durch Holzbohlen, Staken mit Lehm und Lehmbewurf, Backsteinen oder Bruchsteinen.;;;
Auxiliarlager;Ein Auxiliarlager ist ein römisches Militärlager, in dem Hilfstruppen, die Auxiliartruppen, lagern und in dem sich Principia, Kommandantenwohnhaus und Mannschaftsunterkünfte befinden.;;;;
Backhaus;Ein Backhaus ist ein Nebengebäude, in dem sich ein Backofen befindet oder das ein Backofen in Form eines Gebäudes ist.;;Verwendet für mehr oder weniger freistehende Gebäude, deren primärer Zweck sich durch den darin enthaltenen Backofen definiert. Für die (früher gemauerten) Bereiche in oder an Häusern, nutze Backofen wk002026.;;
Backofen;Ein Backofen ist ein Ofen, der aus Mauerziegeln, Steinen oder Ton errichtet ist und der Zubereitung von Lebensmitteln dient.;;Verwendet für die (früher gemauerten) Bereiche in oder an Häusern. Benutzt für den gesamten Ofen. Für Bestandteil eines Herdes siehe Backröhre. Für mehr oder weniger freistehende Gebäude, deren primärer Zweck sich durch den darin enthaltenen Backofen definiert, siehe Backhaus.;;
Bad (Bauwerk);Ein Bad ist ein Bauwerk, in dem Wasser in mitunter mehreren unterschiedlich großen Behältnissen zur Erfrischung, Reinigung oder zu Heilzwecken zur Verfügung steht.;;;;
Badehaus;Ein Badehaus ist ein öffentliches Bad, in dessen Gebäude sich Wannenbäder und andere Waschmöglichkeiten befinden, beziehungsweise das direkt mit einer Badestelle an einem offenen Gewässer verbunden ist.;Badehäuser übernehmen teilweise auch die Funktion von gesellschaftlichen Treffpunkten.;"Benutzt für das Gebäude, in dem sich ein öffentliches Wannenbad befindet, beziehungsweise das direkt mit dem Wasser verbunden ist; für Gebäude einer Kuranlage, in denen sich Badevorrichtungen befinden, siehe Kurmittelhaus; für römische Badeanlagen siehe Thermen.";;
Balken (Bauteil);Ein Balken ist ein Bauteil, das als Träger horizontal gelagert ist und vertikal wirkende Kräfte aufnimmt und weitergibt. ;;;;
Baptisterium;Ein Baptisterium ist ein Gebäude, das in der Regel als Zentralbau neben der eigentlichen Kirche steht und ausschließlich der Taufe dient.;;;;
Baracke;Eine Baracke ist ein Bauwerk, das aus vorgefertigten Teilen schnell und einfach aufgebaut werden kann und nicht als dauerhaftes Gebäude vorgesehen ist.;;;;
Barbakane;Eine Barbakane ist der Bestandteil einer Befestigungsanlage, die in Form eines hofartigen, von Wehrgängen umzogenen, vor einem Tor oder Turm befindlichen Wehrbaus, der zur Verstärkung einer schwachen Stelle dient, auftritt und einem eingedrungenen Angreifer durch seine Vorlagerung keinen Schutz bietet.;;;;
Basilika (Halle);Eine Basilika ist eine größere Halle, in der in römischer Zeit in größeren Orten Handelsgeschäfte, Versammlungen oder Gerichtsverhandlungen abgehalten wurden.;Eine Basilika ist ein lang gestreckter hoher Raum, der meist mehrere Seitenschiffe und an der hinteren Seite einen Abschluss in Form einer Apsis oder einer erhöhten Exedra besitzt.;"Benutzt für das hallenartige Gebäude ohne kirchliche Nutzung; für das Kirchengebäude siehe Basilika (Kirche).";;
Basilika (Kirche);Eine Basilika ist ein Kirchengebäude, das im Obergaden oberhalb der Arkaden zu den Seitenschiffen durch Fenster unmittelbar belichtet wird, dessen Langhaus aus mehreren Schiffen besteht und dessen Mittelschiff höher ist als die Seitenschiffe.;;"Benutzt für das Kirchengebäude; für andere hallenartige Gebäude ohne kirchliche Nutzung siehe Basilika (Halle).";;
Bastion;Eine Bastion ist der Bestandteil einer Festung, der vor dem Hauptwall (Kurtine) eines größeren Wehrbaus vorspringt und mit Geschützen bestückt ist.;Die Bastion tritt an die Stelle der Mauertürme und hatte anfangs einen runden, später einen spitzwinkligen Grundriss. ;;;
Batterie (Festung);Eine Batterie ist der Bestandteil einer Festung, der der wirksamen und sicheren Aufstellung von Geschützen dient.;;;;
Baugrube;Eine Baugrube ist eine Grube, die im Zusammenhang mit Baumaßnahmen für die Gründung von Bauwerken, für die Freilegung von Fundamentierungen oder für die Verlegung von Versorgungsleitungen ausgehoben wird.;;;;
Bauhütte (Bauwerk);Eine Bauhütte ist eine Werkstatt, in der die am Bau beteiligten Handwerker, wie Steinmetze, Maler usw., arbeiten.;;;;
Baumsarg;Ein Baumsarg ist ein Sarg, der aus einem der Länge nach aufgetrennten und anschließend ausgehöhlten Baumstamm gefertigt ist.;;;;
Baumstandspur;Eine Baumstandspur ist Befund, der den ehemaligen Standort einer Baumwurzel anzeigt.;;;;
Baumwurfgrube;;;;;
Becken (Bauwerk);Ein Becken ist ein Bauwerk, das als künstliche Vertiefung oder Einmuldung mit einer gebauten Umfassung errichtet ist. Becken können unterschiedliche Formen und Größen haben und werden entsprechend ihrem Einsatzzweck gestaltet.;Ein Becken dient in der Regel dazu, Wasser oder andere Flüssigkeiten aufzunehmen.;;;
Befestigungsanlage;Eine Befestigungsanlage ist ein Baukomplex, der zur Verteidigung eines Ortes oder einer Landschaft und zum Schutz gegen Zerstörung errichtet wurde.;;;;
Befund (Archäologie);Ein Befund ist eine aussagefähige Beobachtung in archäologischen Fundsituationen. Befunde können Hinweise auf menschliche, aber auch auf natürliche Aktivitäten geben, die in Form von mehr oder weniger deutlich unterscheidbaren Verfärbungen, Schichtbildungen und Strukturen erkennbar sind.;;;;
Befund nicht interpretierbar;;;;;
Beigabennische;;;Benutzt in Kombination mit den jeweiligen Grabtyp;;
Benefiziarierstation;Eine Benefiziarierstation ist eine militärische Anlage, in der Benefiziarier, aus ihren Stammeinheiten abkommandierte Unteroffiziere, an den Fernstraßen des Römischen Reiches Polizeifunktionen wahrnehmen.;Die Stationen liegen an Straßenkreuzungen, Flussübergängen und anderen neuralgischen Punkten, sie sind befestigt und weisen nur wenige Gebäude innerhalb der Befestigung auf.;;;
Bergbaugebiet;Ein Bergbaugebiet ist ein offener Raum, in dem die  vorhandenen Bodenschätze abgebaut werden.;;;;
Bergfried;Ein Bergfried ist ein Wehrturm, der als Hauptturm einer Burg im Gegensatz zu einem Wohnturm nur eingeschränkt bewohnbar war.;"Die Übergänge zwischen Bergfried und Wohnturm sind allerdings fließend. Zu berücksichtigen ist auch, dass die Benennung ""Bergfried"" für einen Turm mit vorrangiger Funktion als Wehrturm und vor allem als Statussymbol erst der deutschsprachigen Burgenliteratur des 19. Jahrhunderts entstammt.";;;
Bergwerk;Ein Bergwerk ist ein Betrieb, der der Gewinnung und Verarbeitung von Steinen und Erden dient.;Die Rohstoffe können im Tagebau oder im Tiefbau gewonnen werden. Zu einem Bergwerk können mehrere Tagesanlagen und Schachtanlagen gehören.;"Benutzt für den Rohstoff gewinnenden Betrieb; für das gesamte Gelände eines Bergwerks siehe Bergwerksgelände.";;
Bergwerksschacht;Ein Bergwerksschacht ist der Bestandteil einer Untertageanlage, der senkrecht, oder seltener auch schräg, Lagerstätten erschließt.;;;;
Bergwerksstollen;Ein Bergwerksstollen ist ein Stollen, der tunnelförmig, waagerecht oder leicht ansteigend verläuft und von der Erdoberfläche aus die Verbindung zu einer Lagerstätte herstellt.;;;;
Berme;Eine Berme ist ein Erdbauwerk, das in Form eines ebenen oder schwach geneigten Absatzes zwischen dem inneren Rand eines Grabens und dem äußeren Fuß eines Walles oder einer Wehrmauer gestaltet ist.;;;;
Bestattungsplatz;Ein Bestattungsplatz ist ein Baukomplex, auf dem Verstorbene beigesetzt werden. ;;;;
Bildstock (Bauwerk);Ein Bildstock ist ein Bauwerk, das mit einem religiösen Bild versehen ist und im Freien aufgestellt wird. Es ist häufig ein Flurdenkmal.;;;;
Bioturbation;;;;;
Bleihütte (Wirtschaft);Eine Bleihütte ist ein Hüttenwerk, in dem Blei geschmolzen und weiterverarbeitet wird.;;;;
Bohrloch;;;;;
Bombentrichter;Ein Bombentrichter ist ein Explosionskrater, der durch den Einschlag einer Bombe entstanden ist.;;;;
Brandgrab;Ein Brandgrab ist ein Grab, in dem die Überreste von verbrannten Toten bestattet werden.;;;;
Brandgrubengrab;Ein Brandgrubengrab ist ein Brandgrab, in dessen Grabgrube sich kein Behältnis befindet. Der Leichenbrand wird vermischt mit Scheiterhaufenresten, teilweise auch mit Grabbeigaben, direkt in die Grube gefüllt.;;;;
Brandschüttungsgrab;Ein Brandschüttungsgrab ist ein Urnengrab, in dem sich aufbewahrt in einem Behältnis, der größte Teil des Leichenbrandes in einem Behältnis befindet, über das jedoch weitere Scheiterhaufenrückstände, vermischt mit Leichenbrandresten und teilweise Beigaben, geschüttet werden.;;;;
Brauerei;Eine Brauerei ist ein Betrieb, in dem eine oder mehrere Anlagen zum Brauen von Bier untergebracht sind und in dem das Bier abgefüllt wird.;;;;
Brennraum (Ofen);;;;;
Brennraumboden;;;;;
Brücke (Bauwerk);Eine Brücke ist ein Bauwerk, das natürliche oder künstliche Hindernisse überspannt und über das ein Verkehrsweg führt.;;"Benutzt für ein Bauwerk, das natürliche oder künstliche Hindernisse überspannt; für ein unterirdisches Bauwerk, dessen lichte Weite weniger als zwei Meter misst, siehe Durchlass (Unterirdisches Bauwerk), für ein unterirdisches Bauwerk, dessen lichte Weite mehr als zwei Meter misst, siehe Unterführung und Tunnel.";;
Brunnen;Ein Brunnen ist ein Bauwerk und Erdbauwerk, durch das Grundwasser zur Erdoberfläche gefördert wird.;;;;
Brunnenfassung;;;;;
Brunnenschacht;Ein Brunnenschacht ist ein Schacht und der Bestandteil eines Schachtbrunnens, der als Röhre bis auf den Grund des Brunnens führt.;;;;
Brunnenstube;Eine Brunnenstube ist eine Quellfassung, die das Quellwasser durch Einhausung vor Verschmutzung schützt.;Teile der Brunnenstube können Filter und andere Vorrichtungen sein, die das Wasser reinigen. In der Regel dient eine Brunnenstube nicht der unmittelbaren Entnahme, sondern der weiteren Verteilung des Wassers.;;;
Bunker (Bauwerk);Ein Bunker ist ein Gebäude, das dem Schutz von Zivilpersonen und Militärpersonen sowie gefährdeten Gütern dient.;;;;
Burg;Eine Burg ist eine Befestigungsanlage, die seit der Frühgeschichte einen in sich geschlossenen, bewohnbaren Wehrbau darstellt.;Der Begriff Burg ist epochenübergreifend. Auch in der Neuzeit hat die Burg noch häufig eine zumindest rechtliche Bedeutung.;;;
Burgus;Ein Burgus ist eine Befestigungsanlage, die vom 2. Jahrhundert bis zum 4. Jahrhundert n. Chr. zum Schutz von Grenzen, Straßen oder ländlichen Orten angelegt wurde und nur mit einer kleineren Truppeneinheit besetzt ist.;Burgi bestehen meist aus einer quadratischen, von Wall und Graben umgebenen Wehranlage, in der Kasernenbauten oder ein Wehrturm stehen konnten. Sie können auch in Verbindung zu einem Landgut stehen und dienten dann der Verteidigung der und durch die Landbevölkerung.;;;
Bustum;Ein Bustum ist ein Brandgrab, in dem der Leichnam verbrannt und bestattet wird.;Der Leichnam wurde in einem Scheiterhaufen über der späteren Grabgrube verbrannt, die Brandreste fielen dabei in die Grube. Daher sind die Ränder dieser Gräber durch das Feuer rot verziegelt. Nach der Einäscherung des Leichnams konnten die Reste ausgelesen, in eine Urne gefüllt und getrennt von dem Brandschutt bestattet werden. Zusätzlich konnten unverbrannte Beigaben mitgegeben werden.;;;
Canabae legionis;Eine Canabae Legionis ist eine Siedlung, die außerhalb eines römischen Lagers und entlang einer zum Lager führenden Straße angelegt ist, selbst aber nicht-militärischen Charakter aufweist.;Sie besitzt eine eigene Verwaltung, diente vorwiegend der Versorgung der Militäreinheiten und weist daher gewerbliche Einrichtungen sowie Wohn-, Handwerks- und Wirtschaftsbauten auf.;;;
Cella memoria;Eine Cella memoria ist ein Grabbau, der in der Spätantike und dem frühen Mittelalter dem Gedenken von Bestatteten diente.;Bei einer Cella memoria handelt es sich um ein kleineres, rechteckiges Gebäude ohne kirchliche Einrichtungen. Sie kann einen christlichen wie einen heidnischen Hintergrund haben.;;;
Colonia (Siedlung);Eine Colonia ist eine Siedlung, die in den römischen Provinzen geplant angelegt wurde.;In einer frühen Phase dienten sie der Kontrolle der besetzten Gebiete mit militärischen Mitteln, später entwickelten sich daraus Verwaltungsorte und Versorgungsorte für das Umland.;;;
Contrescarpe;Eine Contrescarpe ist ein Bestandteil einer Festung, der die Feldseite eines Festungsgrabens bezeichnet.;;;;
Darre;Eine Darre ist eine Trockenanlage, die dazu dient, pflanzliche Erzeugnisse durch Trocknen und leichtes Rösten haltbar zu machen.;;;;
Deckungsgraben;;;;;
Deich;Ein Deich ist ein Damm, der zum Schutz vor Überschwemmungen oder zum Schutz tiefer liegender Gebiete entlang von Flüssen und Meeresküsten aufgeschüttet wird.;;;;
Depot (Archäologie);Ein Depot ist ein archäologischer Befund, in dem mehrere Gegenstände zu einem Zeitpunkt niedergelegt wurden, im Sinne einer willentlichen Entäußerung.;;;;
Dom;Ein Dom ist ein Kirchengebäude, das zu einem Bischofssitz gehört.;Als Bestandteil des Namens wird Dom umgangssprachlich auch für andere bedeutende Kirchen verwendet.;"Benutzt nur für Bischofskirchen; für andere als ""Dom"" bezeichnete Kirchen siehe Kirchengebäude.";;
Donjon;;Im Gegensatz zum wehrhaften Bergfried im deutschen Raum ist der Donjon jedoch bewohnt.;;;
Dorf;Ein Dorf ist eine dauerhafte Siedlung mit mehreren beieinander liegenden Wohnstätten. Das Dorf ist in der Regel überwiegend durch die Wirtschaftsformen Landwirtschaft oder Fischerei geprägt und hat Gebäude mit zentraler Funktion, wie zum Beispiel eine Kirche oder eine Schule.;;;;
Dorfkern;;;;;
Dormitorium;Ein Dormitorium ist ein Gebäudeteil, der in einem Kloster als Schlafsaal der Klosterinsassen dient oder deren Zellen enthält.;;;;
Dungschleier;Der Begriff Dungschleier bezeichnet einen Dungauftrag, der als dünne Stalldungschicht auf den Acker gelangt. In der Archäologie werden Oberflächenfunde, die aufgrund ihrer Datierung und Zusammensetzung als von der Landwirtschaft aufgetragene Fundstreuung bestimmt werden, so genannt.;;;;
Einfriedung;Eine Einfriedung ist ein Element, das den Zugang zu dem durch die Einfriedung umschlossenen Bereich nur durch ein Tor, eine Schranke oder ähnliches erlaubt.;;;;
Einkammerofen;Ein Einkammerofen ist ein Brennofen, in dem sich Feuerung und Brenngut in einer gemeinsamen Kammer oder unter einer Ofenkuppel befinden.;Feuerungsraum und Brennraum können schräg hintereinander angelegt oder durch eine kleine Stufe getrennt sein. Jedoch sind keine zusätzlichen trennenden Elemente (Feuergitter bzw. Ständer) zwischen Feuerung und Brenngut vorhanden.;;;
Einsiedelei;Eine Einsiedelei ist eine Siedlung, in der sich eine einzelne Person oder eine Gruppe zu einem kontemplativen Leben mit besonderer Konzentration auf geistige sowie religiöse Inhalte oder einem Leben im Einklang mit der Natur zurückzieht.;;"Benutzt für den Ort religiös motivierten Rückzugs; für den im Rahmen einer Gartengestaltung und häufig nachgespielten zeitweisen Rückzug gestalteten Ort siehe Eremitage.";;
Einzelfund;Ein Einzelfund ist ein Fund, der in der Regel ohne erkennbaren funktionalen Kontext aufgefunden wird.;;;;
Einzelhof;Ein Einzelhof ist eine Einzelsiedlung, die von einem einzeln gelegenen Bauernhof gebildet wird.;;;;
Eisenbahnstrecke;Eine Eisenbahnstrecke ist ein Schienenweg für den spurgebundenen Eisenbahnverkehr auf eigenem Bahnkörper.;Zur Eisenbahnstrecke gehören die Bahnhöfe, die freien Strecken zwischen den Bahnhöfen sowie die sonstigen Bahnanlagen (wie Betriebswerke, Brücken, Bahnübergänge). Die Strecken werden nach Haupt- und Nebenstrecken, Kleinbahnen, Werkbahnen und Stadtschnellbahnen unterschieden.;;;
Eisenhütte;Ein Eisenhüttenwerk ist ein Hüttenwerk, in dem Eisen aus Erz gewonnen wird.;;;;
Eisgrube;Eine Eisgrube ist eine Grube, in der Lebensmittel und Getränke mit Hilfe von dort eingelagertem Eis gekühlt werden.;;;;
Eiskeller;Ein Eiskeller ist ein Keller und ein Raum, in dem früher Eis aufbewahrt wurde.;;;;
Entwässerungsgraben;Ein Entwässerungsgraben ist ein Wassergraben, der künstlich angelegt ist, der Abführung überschüssigen Wassers, beispielsweise auf landwirtschaftlichen Flächen dient und im Gegensatz zu einem Entwässerungskanal weder ausgebaut noch befestigt ist.;;;;
Erdkeller;Ein Erdkeller ist ein Keller, der aus einem einfachen Loch im Erdreich besteht, das meist in einen Hang hineingegraben und mit Mauerwerk und Deckenkonstruktion ausgebaut wird.;;;;
Erdwerk (Archäologie);Ein Erdwerk ist eine Befestigungsanlage, die aus einer Grabenanlage mit einem oder mehreren Zugängen besteht.;Das hinter dem Graben im Inneren der Anlage anzunehmende Annäherungshindernis in Form eines Walles oder einer Palisade kann im archäologischen Befund gelegentlich nachgewiesen oder erschlossen werden.;;;
Erzröstplatz;Ein Erzröstplatz ist ein offener Raum, auf dem sich Röstherde für die Erze befinden und der häufig Bestandteil eines Verhüttungsplatzes ist.;;;;
Erzwäsche (Vorrichtung);;;;;
Eskarpe;Eine Eskarpe ist der Bestandteil einer Festung, der die Innenseite bzw. Festungsseite eines Festungsgrabens markiert.;;;;
Explosionskrater;Ein Explosionskrater ist ein offener Raum, welcher durch eine trichterförmige Vertiefung der Erdoberfläche gekennzeichnet ist.;Die Vertiefung kann dabei durch eine vulkanische Eruption oder durch die Explosion einer Bombe oder eines Geschosses entstanden sein.;;;
Fabrica;Eine Fabrica ist eine Werkstatt, die in römischer Zeit für fast alle Gewerbezweige mit einfacher Technik und Arbeitsteilung genutzt wurde. Es gab private, staatliche und militärische Fabricae.;;;;
Fabrik (Baukomplex);Eine Fabrik ist eine Industrieanlage, die aus einem  Fabrikgelände und mehreren Gebäuden besteht und in der vorwiegend Massengüter industriell gefertigt werden.;Die Verwaltung des Betriebes erfolgt getrennt von der Produktion.;;;
Fachwerkständerbau;Ein Fachwerkständerbau ist ein Holzfachwerkbau, dessen Ständer vom Boden bis zum Dach durchlaufen.;;;;
Fäkalienrinne;Eine Fäkalienrinne ist ein Bauwerk, das der Entsorgung von Fäkalien dient und die Form einer Furche oder einer Röhre besitzt.;;;;
Färberei (Wirtschaft);Eine Färberei ist ein Betrieb, in dem Textilien gefärbt werden.;;Benutzt für den Handwerksbetrieb und den Industriebetrieb.;;
Färbergrube;Eine Färbergrube ist eine Grube, in der die Färber ein Farbbad erzeugen, in dem Textilien gefärbt werden.;;;;
Faschine;Eine Faschine ist ein Materialverbund aus Reisig und Drähten, der der Sicherung von Böschungen dient.;Das Reisig wird mit Hilfe von Draht zu walzenförmigen Bündeln zusammengefügt.;;;
Feldbegrenzung (Landwirtschaft);;;;;
Feldbrandofen;Ein Feldbrandofen ist ein Brennofen, der nicht aufgemauert wird, sondern ausschließlich aus den zu brennenden Rohlingen besteht.;;;;
Feldstellung;Eine Feldstellung ist eine Feldbefestigung, die von der kämpfenden Truppe zum eigenen Schutz angelegt wird.;Es handelt sich zumeist um ausgehobene Gräben, Deckungslöcher oder Sicherungsbauten (Feldunterstände). Die Anlagen wurden z.T. mit Holz ausgebaut, vor allem die Feldunterstände.;;;
Felsbild;Ein Felsbild ist ein visuelles Werk, das in einen Felsen geritzt oder auf den Felsen gemalt wird.;;;;
Felsheiligtum;Ein Felsheiligtum ist ein Naturheiligtum, an dem kultische Handlungen in unmittelbarer Verbindung an offenen, natürlichen Felsen, Felsspalten usw. vollzogen werden.;;;;
Festes Haus;Ein Festes Haus ist ein Gebäude, das einem adligen Besitzer als Wohngebäude dient, aber auch Wehrfunktion hat, Repräsentationszwecke erfüllt und mit relativ starken Mauern versehen ist.;;;;
Festung;Eine Festung ist eine Befestigungsanlage, die vorrangig zu militärischen Verteidigungszwecken dauerhaft errichtet wurde und zumeist aus mehreren untergeordneten Wehrbauten besteht.;Die hauptsächlich vom Ende des 15. Jahrhunderts bis in die erste Hälfte des 20. Jahrhunderts entstandenen Festungen sind in ihrer Form und Ausbildung von der gleichzeitigen Entwicklung der Feuerwaffen abhängig.;;;
Feuerstelle;Eine Feuerstelle ist eine Verfärbung, die durch darin liegende Brandreste, wie Holzkohle oder Asche entsteht, und sowohl auf der Oberfläche liegen kann aber auch in einer grubenartigen Vertiefung.;;;;
Feuerungskanal;;;;;
Feuerungsraum;;;;;
Feuerungstür;;;;;
Findling (Geologie);Ein Findling ist ein Gesteinsblock, der durch einen Gletscher über eine größere Entfernung mittransportiert wird und nach dem Abschmelzen des Gletschers zurückbleibt.;;;;
Fischteich;Ein Fischteich ist ein Teich, in dem Fische gehalten und gezüchtet werden.;;;;
Flachgrab;Ein Flachgrab ist ein Grab, das oberflächlich durch keine Erdaufschüttung gekennzeichnet ist.;;;;
Flachsröste (Grube);Eine Flachsröste ist eine Grube, die mit Wasser gefüllt ist und in der Flachs mehrere Wochen fault.;Dadurch löst sich die spinnbare Flachsfaser von den holzigen Pflanzenbestandteilen.;;;
Flakstellung;Eine Flakstellung ist eine Geschützstellung, in der Flugabwehrgeschütze (Flugabwehrkanone, Fliegerabwehrkanone - FLAK) aufgestellt und bedient werden.;;;;
Fließgewässer;Ein Fließgewässer ist ein Oberflächengewässer mit ständig oder zeitweilig fließendem Wasser.;;;;
Flottenlager;Ein Flottenlager ist ein Auxiliarlager, das vom Römischen Reich als Standquartier der Flotte genutzt wurde.;;;;
Fluchtgang;Ein Fluchtgang ist ein Gang, der als Fluchtmöglichkeit in Notfällen dient.;Fluchtgänge finden sich in Befestigungsanlagen, in Häusern, Bergwerken, Industrieanlagen usw. Sie können direkt in den anstehenden Boden oder Fels getrieben worden sein oder separat errichtet und anschließend zugedeckt worden sein.;;;
Flughafen;Ein Flughafen ist ein Baukomplex, der aus Start- und Landebahn sowie den Nebeneinrichtungen zur Personen- und Güterabfertigung, Überwachung des Flugverkehrs und Wartung der Flugzeuge besteht. ;Er dient zur Abwicklung des regelmäßigen kommerziellen Linien- und Charterverkehrs mit Verkehrsflugzeugen. ;"Benutzt für die großflächige Anlage mit umfangreichem Frachtverkehr, Linienverkehr und Charterverkehr mit Verkehrsflugzeugen; für die flächenmäßig kleinere Anlage für den Flugverkehr mit in der Regel privaten oder Sportflugzeugen siehe Flugplatz; für einen für die Landung eines Flugzeugs, oder  eines Hubschraubers geeigneten Platz siehe Landeplatz; für Militärflughafen siehe Fliegerhorst.";;
Flugzeug;Ein Flugzeug ist ein Luftfahrzeug mit festen Tragflächen, das schwerer ist als die verdrängte Luftmasse und durch dynamischen Auftrieb fliegt.;;;;
Flurform;Flurform ist eine landwirtschaftliche Nutzfläche, deren Parzellen eine bestimmte Form bilden. Diese ändert sich abhängig von der Bewirtschaftung, der Rechtslage oder den Herrschaftsverhältnissen.;;;;
Flusskies;;;;;
Forum (Offener Raum);Ein Forum ist ein Platz, der in römischer Zeit als zentraler Gerichtsort, Marktort und Versammlungsort fungierte.;;;;
Fossillagerstätte;;;;;
Freilandstation;Eine Freilandstation ist eine zeitweilige Siedlung, die durch Jäger und Sammler im offenen Gelände gebildet wird.;;;;
Friedhof;Ein Friedhof ist ein Bestattungsplatz, der eingefriedet ist und bei dem der Zugang zu den Gräbern durch Wege oder Straßen gewährleistet ist.;Die Gräber sind oftmals in Reihen oder Feldereinteilungen angelegt.;"Friedhof benutzt für Begräbnisplätze seit dem Mittelalter; für Begräbnisplätze vor dem Mittelalter siehe Gräberfeld; für Begräbnisplätze an Kirchen siehe Kirchhof.";;
Frigidarium;Ein Frigidarium ist der Bestandteil von Thermen, in dem kalte Bäder genommen werden.;;;;
Fritteofen;Ein Fritteofen ist ein Ofen, in dem Glasfritte hergestellt wird, wobei die Beimengungen für die Glasherstellung gepulvert, vermischt und bis zur Schmelze erhitzt werden.;;;;
Fund (Objekt);;;Benutzt für Funde, die als Quelle im Rahmen einer wissenschaftlichen Untersuchung genutzt werden können.;;
Fundament;Ein Fundament ist ein Bauteil, der als der unterste Teil eines Bauwerks dessen Gewicht unmittelbar auf den Baugrund als Pressung überträgt.;;;;
Fundamentgraben;Ein Fundamentgraben ist ein Graben, der Bestandteil eines Fundamentunterbaus ist und mit flacher Sohle in den Boden eingegraben wird, und in dem das Fundament errichtet wird.;;;;
Fundkonzentration;Fundkonzentration ist ein Allgemeinbegriff in der Archäologie, der eine Ansammlung von Funden, die auf einer abgrenzbaren Fläche zusammenliegen und chronologisch einer bestimmbaren Epoche angehören, umfasst.;;;;
Fundplatzindikator;;;;;
Furt;Eine Furt ist ein Weg, der an einer seichten Stelle das Überqueren eines Flusses oder Baches durch das Fließgewässer ermöglicht.;;;;
Fußboden;Ein Fußboden ist ein Bauteil, der einen Raum als begehbare Fläche nach unten hin begrenzt.;;;;
Fußbodenheizung;;;;;
Fußbodenmosaik;;;;;
Galgenhügel;Ein Galgenhügel ist eine Richtstätte, die außerhalb eines bewohnten Ortes auf einem Hügel liegt und an der ein Galgen errichtet worden ist.;;;;
Gang (Architektur);Ein Gang ist ein Erschließungsraum, der zumindest von drei Seiten begrenzt wird, zuweilen auch überdeckt oder unterirdisch verlaufen kann.;;;;
Garage;Eine Garage ist ein Gebäudeteil, in dem Kraftfahrzeuge abgestellt werden.;;;;
Garten;Ein Garten ist ein offener Raum, der abgegrenzt, häufig auch eingefriedet ist und in dem Nutzpflanzen oder Zierpflanzen, oft beide, angebaut werden.;Mehr oder weniger künstlerisch oder aufwendig gestaltet ist der Garten immer vom Menschen angelegt und der Pflege bedürftig. Die Begriffe Garten und Park werden auch synonym gebraucht.;"Benutzt für kleinere und eindeutig abgegrenzte Anlagen, auch für Teile von Anlagen; für größere Anlagen siehe auch Park.";;
Gästehaus;Ein Gästehaus ist ein Beherbergungsbetrieb, der meist zur vorübergehenden Unterbringung von Gästen einer größeren Einrichtung, zum Beispiel einer Hochschule, eines größeren Betriebes oder einer Gebietskörperschaft, genutzt wird.;;"Benutzt für den Beherbungsbetrieb, der institutionell geführt und häufig auch zu repräsentativen Zwecken genutzt wird; für die zumeist privat geführte und im Vergleich zu einem Hotel in seiner Ausstattung bescheidenere Gästeunterkunft siehe Pension.";;
Gasthof;Ein Gasthof ist ein Beherbergungsbetrieb, der neben einer Gaststätte zur Verpflegung der Gäste auch Zimmer zur Unterkunft von Übernachtungsgästen anbietet.;;"Benutzt für den Beherbergungsbetrieb, der neben einer Speisegaststätte auch Übernachtungsunterkünfte anbietet; für den Bewirtungsbetrieb allgemein siehe Gaststätte, für den Bewirtungsbetrieb der vorrangig Speisen anbietet siehe Restaurant.";;
Gaststätte;Eine Gaststätte ist ein Bewirtungsbetrieb, in dem man gegen Bezahlung Getränke und Speisen erhalten kann.;Eine Gaststätte kann ein Gebäude oder Teil eines Gebäudes sein.;"Benutzt für den Bewirtungsbetrieb ohne Übernachtungsmöglichkeit. Für den Bewirtungsbetrieb, der auch Übernachtungsunterkünfte anbietet, siehe Gasthof. 
Für den Bewirtungsbetrieb, der vorrangig Speisen anbietet, siehe Restaurant.";;
Gebäude;Ein Gebäude ist ein Bauwerk, das sich über der Erde erhebt, ein Dach besitzt, einen oder mehrere Räume umschließt, von Menschen betreten werden kann, dem Schutz von Menschen, Tieren oder Sachen dient.;;;;
Gefängnisgebäude;;;"Benutzt für das einzelne Gebäude; für die Einrichtung des heutigen Strafvollzugs siehe Justizvollzugsanstalt; für historische Einrichtungen bis 1970 siehe Gefängniskomplex.";;
Gerberei;Eine Gerberei ist ein Betrieb, der handwerklich oder industriell Tierhäute zu Leder verarbeitet oder Felle zu Pelzen zurichtet.;;Benutzt für den Handwerksbetrieb und den Industriebetrieb.;;
Gerbergrube;Eine Gerbergrube ist eine Grube, die mit einer Gerbflüssigkeit gefüllt ist und in der der Gerbprozess der Tierhäute stattfindet.;;;;
Geschützstand;Ein Geschützstand ist eine militärische Anlage, die Bestandteil einer Geschützstellung ist und auf der ein Geschütz beim Schießen steht, im Weiteren aber auch eine ganze Batterie.;;;;
Getreidedarre;Eine Getreidedarre ist eine Darre, die dem Trocknen von Getreide dient.;;;;
Gewölbe (Bauteil);Ein Gewölbe ist ein Bauteil, der als gebogene Fläche einen Raum nach oben abschließt.;;;;
Glacis;Ein Glacis ist der Bestandteil einer Festung, der als feindwärts flach geneigte Aufschüttung vor dem äußeren Grabenrand einer Festung ein freies Schussfeld ermöglicht. ;;;;
Glashütte;Eine Glashütte ist ein Betrieb, in dem Glas gewonnen und teilweise weiterverarbeitet wird.;;"Benutzt für einen Betrieb, der vorrangig Glas erzeugt; für einen Betrieb, der Glas weiterverarbeitet siehe Glasfabrik.";;
Glasofen;Ein Glasofen ist ein Ofen, in dem Glas hergestellt oder bearbeitet wird.;;;;
Glaswerkstatt;;;;;
Glockengussgrube;Eine Glockengrube ist eine Gießgrube, in der zunächst die Gussform einer Glocke hergestellt wird, um diese anschließend vor Ort zu gießen.;;;;
Grab;Ein Grab ist ein Bauwerk, das der Aufnahme verstorbener Lebewesen dient.;Das Grab kann sowohl unter der Erde als auch über der Erde errichtet werden. In verschiedenen Kulturen werden den Toten auch Gegenstände beigegeben.;;;
Grabbau (Bauwerk);Ein Grabbau ist ein Bauwerk, das dem Schutz der eigentlichen Bestattung oder Bestattungen dient.;;;;
Grabeinfriedung;Eine Grabeinfriedung ist eine Einfriedung, die die Begrenzung einzelner Grabstätten markiert.;;;;
Graben (Erdbauwerk);Ein Graben ist ein Erdbauwerk, das als längere, schmale Vertiefung im Boden ausgeführt ist.;;;;
Grabenanlage;Der Begriff Grabenanlage bezeichnet Gräben, die in einem bestimmten Verhältnis zueinander angelegt sind. ;Eine Grabenanlage kann eine Befestigungsanlage oder eine Bewässerungsanlage sein.;Benutzt für Grabenanlage zusammen mit Befestigungsanlage oder Bewässerungsanlage.;;
Gräberfeld;Ein Gräberfeld ist ein Bestattungsplatz, auf dem sich mehrere Bestattungen befinden, unabhängig von der Grabform oder der Bestattungsart.;;"Gräberfeld benutzt für Begräbnisplätze vor dem Mittelalter; für Begräbnisplätze seit dem Mittelalter siehe Friedhof; für Begräbnisplätze an Kirchen siehe Kirchhof.";;
Grabgarten;Ein Grabgarten ist eine Grabeinfriedung, die aus einem quadratischen oder rechteckigen, vereinzelt leicht trapezförmigen Graben besteht, der als obertägig sichtbare Begrenzung eine oder mehrere Grabstellen umfasste.;Es können mehrere Grabgärten aneinanderstoßen sowie miteinander verbunden sein. In einer der Seiten kann eine Erdbrücke den Graben unterbrechen. Grabgärten wurden vor allem in der Eisenzeit und der Römischen Kaiserzeit angelegt. Der Begriff wird darüber hinaus auch für Grabeinfriedungen anderer Zeitstellungen benutzt.;;;
Grabgrube;Eine Grabgrube ist eine Grube, die Bestandteil eines Grabes ist und in der die sterblichen Überreste von Mensch oder Tier niedergelegt werden.;;;;
Grabhügel;Ein Grabhügel ist eine Aufschüttung, die aus Erde besteht und sich über einer oder mehreren Grablegen befindet.;;"Benutzt für ein Grab mit hügelartiger Aufschüttung, das nach der Merowingerzeit angelegt wurde; für Hügel über Gräbern aus urgeschichtlichen Perioden bis zur Merowingerzeit siehe Hügelgrab.";;
Grabkammer;Eine Grabkammer ist ein Grabraum, in dem ein  oder auch mehrere Verstorbene beigesetzt wurden.;;;;
Grabungsfläche;Eine Grabungsfläche ist ein offener Raum, an dem eine archäologische Ausgrabung stattfindet oder bereits stattgefunden hat.;;;;
Gräfte;Eine Gräfte ist ein Wassergraben, der einen Adelssitz, einen Hof oder eine Garten- und Parkanlage umgeben kann.;;;;
Grenzpunkt;Ein Grenzpunkt ist ein Vermessungspunkt, der im Verlauf einer Flurstücksgrenze oder Grundstücksgrenze liegt und einen Eck- oder Wendepunkt bildet.;;;;
Grenzstein;Ein Grenzstein ist ein Bauwerk, das im Gelände der Kennzeichnung eines eingemessenen Grenzpunktes dient.;;;;
Grube (Erdbauwerk);Eine Grube ist ein künstlich angelegtes Bauwerk, das als Vertiefung in der Erde sichtbar ist.;;;;
Grubenhaus;Ein Grubenhaus ist ein Gebäude, dessen Fußboden in die Erde eingetieft ist und das meistens nur über einen einzigen Raum verfügt.;In germanischer und frühmittelalterlicher Zeit wurde es als Wohnbau und Wirtschaftsbau benutzt und war selten größer als 4 x 4 m.;;;
Grubenkomplex;Ein Grubenkomplex ist ein Erdbauwerk, das aus dicht beieinander liegenden Gruben besteht. Diese können sich überschneiden, da sie nacheinander angelegt werden.;;;;
Gruft;Eine Gruft ist ein Grabraum, der meist in den Boden eingetieft und gemauert ist und worin sich eine oder auch mehrere Bestattungen befinden können. Sie kann Bestandteil eines Grabmals sein.;;;;
Grundriss;Ein Grundriss ist ein Bild eines räumlichen Gebildes in einer zweidimensionalen waagerecht ausgeführten Aufsicht. Meistens bildet der Grundriss die Grundmauern oder das Erdgeschoss eines Gebäudes ab.;;;;
Hafen;Ein Hafen ist ein Baukomplex, der  aus einem künstlich angelegten Wasserbecken und der dazugehörigen Infrastruktur an Land besteht.;Er dient der Passagierabfertigung und dem Güterumschlag im Schiffsverkehr. Je nach Hauptfunktion unterscheidet man unterschiedliche Hafenarten.;;;
Hafenofen;Ein Hafenofen ist ein Schmelzofen, der in Glashütten zum Schmelzen von Glas verwendet wird.;;;;
Halbbastion;Eine Halbbastion ist der Bestandteil einer Festung, der die Form einer halbierten Bastion hat und lediglich aus einer Face und einer Flanke besteht, während die der Flanke gegenüberliegende Seite in die seitliche Kurtine des jeweiligen Festungswerks übergeht.;;;;
Halde (Wirtschaft);Eine Halde ist ein offener Raum in Form einer Aufschüttung, die aus Material besteht.;;;;
Hallenhaus;Ein Hallenhaus ist ein Gebäude, das als bäuerliches Einhaus Wohnen und Wirtschaften unter einem Dach vereint und vor allem in Nordwesteuropa verbreitet ist. Die Erscheinung des Hauses ist bestimmt durch eine hallenartige Raumaufteilung.;;;;
Hammerwerk;Ein Hammerwerk ist ein Betrieb, in dem Roheisen, Kupfer und Messing mechanisch bearbeitet werden.;;;;
Hauptburg;Eine Hauptburg ist der Bestandteil einer Burg, der sich zumeist an zentraler Stelle der Anlage befindet, am stärksten gesichert ist und im Angriffsfalle zuletzt erreicht wird.;;;;
Hauptgebäude;Ein Hauptgebäude ist ein Gebäude, das zu einem Baukomplex gehört und für gewöhnlich das größte und wichtigste Gebäude ist.;;;;
Heiligtum (Raum);;;;;
Herberge;Eine Herberge ist ein Beherbergungsbetrieb, in dem Reisende kostenpflichtig bewirtschaftet werden.;;;;
Herdstelle;Eine Herdstelle ist ein offener Raum, der mit Steinen oder anderen Materialien befestigt ist und sich klar von der Umgebung abgrenzt.;;;;
Hochofen;Ein Hochofen ist ein Schachtofen, der zur Gewinnung von Roheisen aus Eisenerzen unter Zusatz von weiteren Stoffen, mit denen er kontinuierlich beschickt wird, dient.;;;;
Hockergrab;Ein Hockergrab ist ein Körpergrab, in dem der Tote in gehockter Stellung, d.h. mit mehr oder minder angezogenen Beinen und Armen auf der Seite liegend oder auch sitzend bestattet ist.;;;;
Höckerlinie;Eine Höckerlinie ist eine Panzersperre, die aus einer langgestreckten Aufreihung von höcker- oder zahnförmigen Sperrelementen aus Stahlbeton oder Beton besteht.;;;;
Hof (Landwirtschaft);Ein Hof ist ein Baukomplex, der alle zu einem Landwirtschaftsbetrieb gehörigen Bauwerke und die in unmittelbarem Zusammenhang mit den Bauwerken stehenden Flächen umfasst.;;"Benutzt ausschließlich für den Baukomplex; für Baukomplex mit Nutzfläche siehe Landwirtschaftsbetrieb.";;
Höhenburg;Eine Höhenburg ist eine Burg, die auf einer natürlichen Anhöhe errichtet wurde und aus dem umgebenden Gelände herausragt.;;;;
Höhensiedlung;Eine Höhensiedlung ist eine Siedlung, die auf höher liegendem Gelände errichtet ist.;;;;
Höhle;Eine Höhle ist eine Geländeform, die als unterirdischer Hohlraum auftritt und durch Naturvorgänge entstanden ist.;;;;
Höhlenheiligtum;Ein Höhlenheiligtum ist ein Naturheiligtum, in dessen Umgebung kultische Handlungen, verbunden mit Höhlen, vollzogen werden.;;;;
Hohlweg;Ein Hohlweg ist ein Fahrweg, der sich durch jahrhundertelange Nutzung als Viehtrieb und Gehweg sowie durch Befahren mit Fuhrwerken in das umgebende Gelände eingeschnitten hat.;;;;
Holzwerkstatt;;;;;
Horreum;Ein Horreum ist ein Lagergebäude, das in römischer Zeit vorwiegend der Aufbewahrung von Getreide und anderen schweren Materialien diente.;;;;
Hügelgrab;Ein Hügelgrab ist ein Grab, das aus einem aufgeschütteten Hügel aus Erde oder Steinen besteht, unter dem oder in dem sich ein Grab oder mehrere Gräber befinden.;;"Benutzt für ein Grab mit hügelartiger Aufschüttung, die in urgeschichtliche Perioden bis zur Merowingerzeit datiert werden; für Hügel über Gräbern späterer Perioden siehe Grabhügel.";;
Hypokaustum;Ein Hypokaustum ist eine Fußbodenheizung, die für einzelne Räume in römischen Thermen, vornehmen Wohnhäusern, Villen und Palästen verwendet wurde.;;;;
Immunitätsbezirk;Ein Immunitätsbezirk ist ein offener Raum, der durch ein besonderes Schutzprivileg von der übrigen Stadt abgegrenzt ist.;Häufig vorkommende Bezirke sind Domimmunitätsbezirke, Klosterimmunitätsbezirke oder Stiftsimmunitätsbezirke.;"Benutzt für das durch eine Immunität gekennzeichnete Gelände; für den entsprechenden Rechtsbegriff siehe Immunität.";;
Industrieanlage;Eine Industrieanlage ist ein Baukomplex, der sämtliche Gebäude und Einrichtungen einschließlich des Geländes eines Industriebetriebes umfasst.;;;;
Innenhof;Ein Innenhof ist ein Hof, der innerhalb eines Gebäudes liegt oder von einem Gebäudekomplex vollkommen umschlossen wird;;;;
Insula (Siedlung);Eine Insula ist ein Siedlungsteil in römischer Zeit, der sich aus einem von Straßen eingeschlossenen Häuserblock zusammensetzt.;;;;
Irdenwareofen;Ein Irdenwareofen ist ein Töpferofen, in dem Irdenware bei Temperaturen zwischen 650 °C und 800 °C gebrannt werden.;;;;
Jüdischer Friedhof;Ein jüdischer Friedhof ist ein Friedhof einer jüdischen Gemeinde, auf dem die Bestattung ausschließlich gemäß den Gesetzlichkeiten des Judentums erfolgt.;;;;
Kaldarium;Ein Kaldarium (Caldarium) ist der Bestandteil der Thermen in römischer Zeit, der als Heißbaderaum und Schwitzabteilung genutzt wird.;;;;
Kalkbrennerei;Eine Kalkbrennerei ist ein Betrieb, in dem in einem oder mehreren Kalköfen Kalk gebrannt wird.;;"Benutzt für eine vorindustriell betriebene Anlage; für eine industriell betriebene Anlage siehe Kalkwerk.";;
Kalklöschgrube;Eine Kalklöschgrube ist eine Grube, in der Kalk gelöscht wird, d.h., in der Calciumoxid mit Wasser versetzt wird.;;;;
Kalkofen;Ein Kalkofen ist ein Brennofen, in dem Kalkstein zu Kalk gebrannt wird. Hierfür werden verschiedene Ofentypen genutzt.;;;;
Kalvarienberg;Ein Kalvarienberg ist ein visuelles Werk, das plastisch oder bildlich die biblische Kreuzigungsgruppe darstellt.;"Die Bezeichnung ""Berg"" geht darauf zurück, dass Kalvarienberge meist als letzte Station eines Kreuzweges auf einer Anhöhe liegen.";;;
Kammergrab;;;;;
Kanal (Wasserbau);Ein Kanal ist ein Bauwerk, das in Form offener, künstlicher Wasserläufe oder unterirdisch geführter Rohrleitungen für Abwässer, Bewässerung oder Entwässerung genutzt wird.;;"Benutzt für künstlichen Wasserlauf für Abwässer, Bewässerung oder Entwässerung; für schiffbaren Kanal siehe Schifffahrtskanal.";;
Kanalisation;Eine Kanalisation ist eine Abwasseranlage, die aus unterirdischen Bauwerken besteht, die der Sammlung und dem Transport von Abwässern, Regenwasser u.ä. dienen.;;;;
Kapelle (Bauwerk);Eine Kapelle ist ein Sakralbau, der in der Regel klein und einfach ist und keine Pfarrrechte besitzt.;Eine Kapelle kann sowohl ein selbständiges Gebäude als auch Teil eines größeren Gebäudes sein.;;;
Kapitelsaal;;;;;
Karner;Ein Karner ist ein Friedhofsgebäude, das der Aufbewahrung von Gebeinen dient und in dem Totenmessen abgehalten werden. Ein Karner ist meist zweigeschossig.;;;;
Kasematte;Eine Kasematte ist der Bestandteil einer Festung, der einen  gegen Beschuss gesicherten, überwölbten Raum darstellt, der meist durch Erdaufschüttung entsteht.;;;;
Kaserne;Eine Kaserne ist ein Militärgebäude, das Bestandteil einer militärischen Anlage ist und der ständigen Unterbringung von Truppen dient.;;;;
Kavalier (Festung);Ein Kavalier ist der Bestandteil einer Festung, der als erhöhte Plattform auf dem Wall oder den Kasematten zur Beobachtung und zum Aufstellen von Kanonen als Erdausschüttung mit Brustwehr dient.;;;;
Kein Befund;;;;;
Kenotaph;Ein Kenotaph ist ein Grabmal, das für eine Person errichtet wird, die an einem anderen Ort verstorben und begraben ist.;;;;
Kirchengebäude;Ein Kirchengebäude ist ein Sakralbau, in dem der Gottesdienst bzw. die Kultausübung verschiedener christlicher Religionsgemeinschaften abgehalten werden.;;;;
Kirchhof;Ein Kirchhof ist ein Friedhof, der das Kirchengebäude unmittelbar umgibt oder dessen Vorhof bildet.;;"Kirchhof benutzt für Friedhöfe an Kirchen; für Bestattungsplätze seit dem Mittelalter siehe Friedhof; für Bestattungsplätze vor dem Mittelalter siehe Gräberfeld.";;
Klausur (Kloster);Eine Klausur ist der Bestandteil eines Klosters, der ausschließlich den Klosterinsassen vorbehalten ist und von Außenstehenden nur ausnahmsweise betreten werden darf.;;;;
Kleinkastell;Ein Kleinkastell ist ein römisches Militärlager, das für kleine Einheiten wie Wachkommandos genutzt wurde.;Es bot Platz für etwa 40 bis 80 Mann Besatzung (Centurie bzw. Halbcenturie).;;;
Kloake (Bauwerk);;;;;
Kloakenrinne;Eine Kloakenrinne ist ein Bauwerk, das dem Abfluss von Fäkalien aus einer Kloake dient und die Form einer Furche oder einer Röhre besitzt.;;;;
Kloster (Architektur);Ein Kloster ist ein Baukomplex, in dem Menschen in Ausübung ihrer Religion zusammenleben.;Das Kloster besteht in der Regel aus Bauten für die Religionsausübung, Wohngebäuden, Wirtschaftsgebäuden, eventuell weiteren Bauwerken und Freiflächen sowie Nutzflächen wie der Innenhof des Kreuzgangs oder Gärten.;;;
Knochenmühle;Eine Knochenmühle ist eine Mühle, in der Tierknochen zermahlen oder gestampft werden.;;;;
Knochensiederei;Eine Knochensiederei ist ein Betrieb, in dem Schlachtknochen aufbereitet werden. Sie werden ausgekocht von Fleisch und Fettresten befreit und dann zur weiteren Verwertung an Knochenmühlen, Seifensiedereien, Leimsiedereien usw. weitergeleitet. Weiterhin besteht die Möglichkeit, das Fett des aufbereiteten Suds an Lichtgießer zu verkaufen.;;;;
Knochenwerkstatt;;;;;
Knüppeldamm;;;;;
Kochgrube;Eine Kochgrube ist eine Grube, in deren Verfüllung sich Funde befinden, die auf die den Vorgang des Kochens hinweisen, wie z.B. Steine, die eindeutig Erhitzungsspuren aufweisen, aber auch Knochen und Holzkohle.;;;;
Kohlenmeiler;;;;;
Kohortenkastell;Ein Kohortenkastell ist ein Auxiliarlager, in dem eine Kohorte stationiert ist.;;;;
Kolluvium;Ein Kolluvium ist ein Landboden, bei dem das Substrat der Bodenbildung durch Wasser oder Wind über kurze Strecken transportiert und dann abgelagert worden ist.;;;;
Konzentrationslager;Ein Konzentrationslager ist ein Gefangenenlager, welches in der Zeit des Nationalsozialismus für die Internierung und zumeist auch Ermordung von Opfern der nationalsozialistischen Unrechtsherrschaft errichtet wurde.;Die Opfer der Konzentrationslager wurden aufgrund ihrer Rasse, ihres Glaubens, ihrer Weltanschauung, sexuellen Orientierung, körperlichen oder geistigen Behinderungen oder ihrer politischen Gegnerschaft zum Nationalsozialismus verfolgt und inhaftiert. In den Lagern starben die meisten dieser Menschen an den Folgen physischer Misshandlungen, systematischer Aushungerung, Zwangsarbeit, medizinischer Menschenversuche oder wurden - vor allem im Rahmen der deutschen Judenvernichtung (Shoah bzw. Holocaust) - durch Massentötungen in Gaskammern, Erschießungen oder Todesmärsche ermordet.;"Benutzt für das unter der NS-Herrschaft von 1933-1945 eingerichtete und betriebene Lager; für andere Lager siehe Lager (Unterkunft) oder Gefangenenlager.";1933;1945
Körpergrab;Ein Körpergrab ist ein Grab, in dem der vollständige unverbrannte Körper des Toten beigesetzt ist.;;;;
Krankenhaus;Ein Krankenhaus ist ein Baukomplex, in dem Kranke für längere Zeit stationär behandelt werden.;;;;
Kreisgraben;Ein Kreisgraben ist ein Graben, der eine Fläche ringförmig umschließt. Er kann Bestandteil unterschiedlicher Anlagen sein. Häufig stehen derartige Gräben mit Hügelgräbern in Beziehung, können aber auch Bestandteil von Befestigungsanlagen sein.;;;;
Kreuzgang;Ein Kreuzgang ist ein Gebäudeteil eines Sakralbaus, der als Gang den von der Kirche und den Klausurgebäuden gebildeten Hof umgibt.;Der Kreuzgang erschließt die umliegenden Gebäudeteile der Kloster- oder Stiftsanlagen und dient darüber hinaus auch als Aufenthalts- und Unterrichtsort.;;;
Kreuzwegstation;Eine Kreuzwegstation ist ein visuelles Werk, das eine der Stationen des Kreuzweges Jesu umfasst.;;;;
Kriegsgefangenenlager;Ein Kriegsgefangenenlager ist ein Gefangenenlager, in dem während oder unmittelbar nach einem Krieg feindliche Soldaten und Kriegsgefangene festgehalten werden.;;;;
Küche (Raum);Eine Küche ist ein Raum, der vorwiegend für die Zubereitung von Speisen genutzt wird.;;;;
Kühlofen;;;;;
Kultopfer;;;;;
Künette;Eine Künette ist der Bestandteil einer Festung, der als auf der Sohle eines großen, trockenen Grabens gelegener Abflussgraben zu dessen Entwässerung dient und zugleich ein eigenes Annäherungshindernis darstellt.;;;;
Kurtine;Eine Kurtine ist der Bestandteil einer Festung, der einen Mauerabschnitt zwischen Türmen oder Bastionen bildet.;;;;
Landschaft;Eine Landschaft ist ein Teil der Erdoberfläche, der durch ein charakteristisches gleichmäßiges Erscheinungsbild und ein homogenes Wirkungsgefüge geprägt ist. Gestaltet ist eine Landschaft durch anorganische, organische und anthropogene Faktoren.;;;;
Landwehr (Bauwerk);Eine Landwehr ist eine Grenzbefestigung, die aus einem oder mehreren, mit undurchdringlichem Buschwerk besetzten Wällen und breiten Gräben besteht und die größere und kleinere Landgebiete umschloss.;;;;
Langhaus (Bauwerk);Ein Langhaus ist ein Bauwerk, für den ein Grundriss charakteristisch ist, bei dem die Längsachse das Ausmaß der Querachse erheblich übersteigt.;Aufgrund der Innenausstattung, z.B. mit mehreren Herdstellen, wird davon ausgegangen, dass derartige Gebäude von größeren Personengruppen bewohnt werden.;;;
Langhügel (Grab);Ein Langhügel ist ein Hügelgrab, das langgestreckt rechteckig bis trapezförmig sein kann.;;;;
Latrine;Eine Latrine ist ein Bauwerk in Form einer Grube, das als behelfsmäßiger Abort von mehreren Personen gleichzeitig benutzt werden kann.;;Benutzt für die Sanitäranlage des Altertums und des Mittelalters.;;
Laufhorizont;Ein Laufhorizont ist eine Schicht, die aus festgestampfter Erde oder einer Pflasterung bestehen kann und deren Oberseite von Menschen oder Tieren begangen wurde.;;;;
Layerinterface;;;;;
Legionslager;;;;;
Legionsziegelei;;;;;
Leichenbrandlager;Ein Leichenbrandlager ist ein Brandgrab, in dessen Grabgrube Leichenbrand auf einer Stelle konzentriert liegt.;Zeitweise ist es möglich, das ursprüngliche Vorhandensein von organischen Behältern, in die der Leichenbrand eingefüllt war, nachzuweisen.;;;
Leichenschatten;Ein Leichenschatten ist eine Verfärbung, die durch das Vergehen eines menschlichen oder tierischen Körpers im Boden entsteht und die dessen Umriss nachzeichnet.;;;;
Leprosorium;Ein Leprosorium ist ein Siechenhaus und ein Baukomplex, der vom Mittelalter bis in die Mitte des 20. Jahrhunderts in Europa der Aufnahme, Verpflegung und Quarantäne unheilbar Kranker, insbesondere Leprakranker (Lepröse, Leprose), diente.;;"Benutzt für die vom Mittelalter bis in die Mitte des 20. Jahrhunderts in Europa als Pflegeheim genutzte Einrichtung; für die heutige medizinische Einrichtung siehe Krankenhaus.";;
Lichtschacht (Architektur);;;;;
Liegender Ofen;;;;;
Limes (Grenzbefestigung);Limes ist die Grenzbefestigung, die in der Römischen Kaiserzeit die militärischen Grenzsicherungssysteme in Europa, Vorderasien und Nordafrika umfasste.;;;;
Lochstein (Vermessungswesen);Ein Lochstein ist ein Grenzstein, der bis ins 19. Jahrhundert die Eigentumsgrenze an einem Bergwerk markiert. Er zeigt an der Oberfläche an, wie weit der unterirdische Abbau gehen darf.;;;;
Lochtenne;;;;;
Löschteich;Ein Löschteich ist ein Teich, in dem Löschwasser für den Fall eines Brandes vorgehalten wird.;;;;
Luftschutzkeller;Ein Luftschutzkeller ist ein Keller, der zeitweilig als Schutzraum genutzt wird.;;;;
Lünette (Festung);;;Benutzt für Werke, die weder wie die Demi-lune einer Bastion noch wie das Ravelin einer Kurtine zugeordnet sind.;;
Mansio;Eine Mansio ist eine Herberge, die in römischer Zeit an überregionalen Straßen dem Aufenthalt, dem Übernachten und als Umspannstation diente.;;;;
Markierung (Archäologie);;;;;
Marktplatz;Ein Marktplatz ist ein Platz, der innerhalb einer Siedlung liegt und an dem Waren verkauft oder getauscht werden.;;;;
Marschlager;Ein Marschlager ist ein Militärlager, das nur für einen kurzen Gebrauch während eines Marsches von Militäreinheiten errichtet wird.;Daher weist es zumindest eine äußere Befestigung, aber nur selten eine Innenbebauung aus festen Gebäuden wie Hütten, auf.;;;
Massengrab;Ein Massengrab ist ein Grab, in dem eine große Anzahl Menschen beigesetzt wird, die u.a. Naturkatastrophen oder Kriegsverbrechen zum Opfer gefallen sind.;;;;
Materialentnahmegrube;Eine Materialentnahmegrube ist eine Grube, für die Entnahme von Lehm, Mergel, Sand oder Kies. Ebenfalls kann sich so ein flächiger Bodenaustausch abzeichnen.;;"Benutzt für kleinräumige Bodenstörungen; für großräumige Entnahmestellen zum Abbau  von Kies, Schotter, Sand oder Kohlen siehe Tagebau.";;
Materialraub;;;;;
Mauer;Eine Mauer ist ein begrenzendes Bauteil oder Bauwerk, das als massive Konstruktion aus anorganischen Materialien wie Naturstein, Backstein, Beton usw. besteht und dessen Dicke deutlich geringer ist als seine horizontale und vertikale Ausdehnung.;;;;
Mauerfundament;;;;;
Megalithgrab;Ein Megalithgrab ist ein Grab, das häufig Reste von Erdhügeln und Erdanschüttungen aufweist und bei denen meist auffallend große Steinblöcke und Steinplatten verwendet werden.;;;;
Mehrfachbestattung (Grab);Eine Mehrfachbestattung ist ein Grab, in dem mehrere Bestattungen zum gleichen Zeitpunkt oder auch zeitnah gestaffelt niedergelegt werden.;;"Benutzt für mehrere Bestattungen, die zum gleichen Zeitpunkt oder zeitnah  in einem Grab beigesetzt werden; für mehrere Bestattungen in einer Grabanlage, die nicht alle zu einem Zeitpunkt niedergelegt werden, siehe Kollektivbestattung.";;
Meilenstein (Entfernungsanzeiger);;;;;
Meilerplatz;Ein Meilerplatz ist ein offener Raum, auf dem in vergangener Zeit ein Kohlenmeiler stand.;Meilerplätze zeichnen sich im Gelände durch planierte, horizontal liegende Flächen ab, die durch mit Holzkohlenstaub durchmischtem Erdboden bzw. Holzkohlenresten charakterisiert sind.;;;
Mikwe;;Im Mittelalter sind die Mikwen häufig eigenständige monumentale Gebäude. Da für die rituelle Reinigung lebendiges, fließendes Wasser erforderlich ist, reichen die tiefen Schächte mit Treppenanlage, die zu dem eigentlichen Badebecken führen bis zum Grundwasser. In den späteren Perioden gab es auch einfache Mikwen im Keller von Wohnhäusern. Seit Neuzeit befinden sich Mikwen zumeist in Gemeindezentren. Gut erhaltene monumentale Mikwen können in Speyer, Worms, Köln und Friedberg (Hessen) besichtigt werden.;;;
Militärdepot;Ein Militärdepot ist ein Depot, das der Lagerung von Kraftstoff, Munition oder Gerät dient.;;;;
Militärlager;Ein Militärlager ist eine militärische Anlage, in der Truppen in Kasernen untergebracht werden.;;;;
Militärposten (Baukomplex);Ein Militärposten ist ein Baukomplex, der der Sicherung von Grenzen, einer Stellung oder eines Geländes bzw. Verkehrskontrollen dient. ;;;;
Mittelständer (Ofen);;;;;
Mittelzunge (Ofen);;;;;
Motte (Architektur);Eine Motte ist eine Burg, die aus einem künstlich aufgeschütteten Burghügel besteht. Dieser kann gegebenenfalls eine natürliche Erhebung einbeziehen.;Motten können durch eine Vorburg sowie umgebende Wassergräben ergänzt werden. Sie wurden meist im Hochmittelalter errichtet und gingen später manchmal in Burgen auf.;;;
Muffelofen;Ein Muffelofen ist ein Brennofen, dessen Inhalt nicht in direkten Kontakt mit der Flamme kommt, sondern in einem anderen Raum, gesondert von ihr, brennt.;;;;
Mühle (Baukomplex);Eine Mühle ist ein Baukomplex, der aus dem Mühlengebäude mit den darin befindlichen Vorrichtungen zum Zerkleinern oder Zermahlen von stückigem Material besteht, sowie dem umgebenden Gelände einschließlich der für den Betrieb der Mühle erforderlichen Bauwerke.;;"Benutzt für Mühlen als Gesamtkomplex; für die Zerkleinerungsmaschine siehe Mühle (Maschine).";;
Mühlengraben;Ein Mühlengraben ist ein Wassergraben, der künstlich angelegt wurde, um eine Wassermühle zu betreiben.;;;;
Mühlenteich;Ein Mühlenteich ist ein Stauteich, der an einer Mühle liegt und oftmals aus dem Wasser des Mühlgrabens gespeist wird.;;;;
Mundloch (Bergbau);Ein Mundloch ist der Bestandteil einer Untertageanlage, der den  Bergwerksstollen mit der Tagesoberfläche verbindet. Die Öffnung kann durch Mauerwerk eingefasst sein.;;;;
Münzschatzfund;Ein Münzschatzfund ist ein Depot, das aus Münzen besteht.;;;;
Nachbestattung (Grab);Eine Nachbestattung ist ein Grab, das in einer bereits bestehenden Bestattungsanlage (wie einem Grabhügel) nachträglich angelegt wird.;Eine Nachbestattung ist meist durch außermittige Lage bzw. höhere Position von der Zentralbestattung zu unterscheiden.;;;
Natur;;;;;
Nebenbestattung (Grab);Der Begriff Nebenbestattung bezeichnet ein Grab, das mit einem eindeutigen Bezug zu einer Zentralbestattung in einer größeren Grabanlage (z.B. einem Grabhügel) zeitgleich angelegt wird.;;;;
Nebengebäude;Ein Nebengebäude ist ein Gebäude, das Bestandteil eines Baukomplexes und in seiner Funktion von untergeordneter Bedeutung ist.;;;;
Niederungsburg;;Teil einer Niederungsburg kann ein künstlich aufgeschütteter Hügel sein.;;;
Noch nicht ermittelt;;;;;
Numeruskastell;Ein Numeruskastell ist ein Auxiliarlager, in dem ein Numerus stationiert ist.;;;;
Oberflächenfund;;;;;
Ofen (Vorrichtung);Ein Ofen ist eine Vorrichtung, die sowohl transportabel als auch fest eingebaut sein kann und zur Erzeugung von Wärme dient.;;;;
Ofenfeuerung;;;;;
Ofenkuppel;;Je nach Ofentyp und Art der Befeuerung besteht die Möglichkeit, dass auch der Feuerungsraum von der Ofenkuppel überdeckt wird. Die Ofenkuppel kann aus verschiedenen Materialien erbaut sein. So gibt es Kuppeln, die ursprünglich aus mit Lehm verstrichenem Flechtwerk oder Töpfen bestanden, daneben aber auch gemauerte Kuppelgewölbe, für deren Errichtung unterschiedliche Materialien, in der Regel Ziegelsteine, Schamottsteine oder aus Töpferton geformte Ziegel benutzt wurden.;;;
Ofenrost;Ein Ofenrost ist der Bestandteil eines Ofens, der sich am Boden des Feuerungsraumes befindet und auf dem das Brenngut gestapelt wird.;;;;
Ofenwandung;;;;;
Ofenzunge;;;;;
Ölmühle;Eine Ölmühle ist eine Mühle, in der Ölsaat zerquetscht und ausgepresst oder ausgeschlagen wird.;;;;
Opferfund;;;;;
Opfergrube;Eine Opfergrube ist eine Grube, in der Opfer niedergelegt oder dauerhaft deponiert werden.;;;;
Opferschacht;Ein Opferschacht ist ein Schacht, in dem Opfergaben niedergelegt oder dauerhaft deponiert werden.;;;;
Oppidum (Siedlung);Ein Oppidum ist eine befestigte Siedlung aus keltischer Zeit und wurde zumeist in erhöhter oder schwer zugänglicher Lage angelegt.;Es kann sich um eine Zufluchtsstätte, einen ständig bewohnten Ort oder einen Werkplatz handeln. Im Mittelalter wurde unter einem Oppidum eine kleine stadtähnliche Siedlung mit Marktfunktion verstanden, der das Marktrecht bzw. Stadtrecht fehlte.;;;
Palas;Ein Palas ist ein Gebäude, das das hauptsächliche Wohn- und Repräsentationsgebäude einer Burg präsentiert und vor allem einen großen Saal, im fortgeschrittenen Mittelalter auch mehrere Säle enthält, deren in der Regel zu Gruppen zusammengefasste Fensteröffnungen wesentliche Gestaltungsmerkmale der Fassade sind.;In der Literatur wird der Palas häufig auch als Saalbau bezeichnet, vor allem, wenn es sich um das Repräsentationsgebäude einer Pfalz handelt.;;;
Palisade;Eine Palisade ist eine Einfriedung, die aus nebeneinander eingeschlagenen Pfählen besteht.;;;;
Palisadengraben;Ein Palisadengraben ist ein Befestigungsgraben, der für die Aufnahme einer Palisade angelegt wird.;Bodenverfärbungen auf der Grabensohle verdeutlichen, dass Holzpfosten in einer dichten Reihe (auch Doppelreihen oder Mehrfachreihen) in den Graben gesetzt werden.;;;
Palisadenpfosten;Ein Palisadenpfosten ist ein Pfosten, der meist senkrecht in den Erdboden eingelassen oder eingerammt ist und zusammengeschlossen mit weiteren benachbarten Pfosten Teil einer Palisade ist.;;;;
Panzergraben;Ein Panzergraben ist ein Befestigungsgraben, der zur Abwehr feindlicher Panzer angelegt wird.;;;;
Panzersperre;Eine Panzersperre ist ein Bauwerk, das den Vorstoß von Panzern verhindern soll.;;;;
Papiermühle;Eine Papiermühle ist eine Mühle, in der Lumpen oder Zellstoff für die Papierherstellung zerkleinert werden.;;;;
Park;Ein Park ist ein offener Raum, der abgegrenzt, häufig eingefriedet, vom Menschen mehr oder weniger künstlerisch oder aufwendig gestaltet und der Pflege bedürftig ist, aber auch gestalterisch mit der Umgebung verbunden sein kann, beispielsweise durch ein Ha-Ha.;Gestaltungselemente sind vor allem Gehölze, Rasenflächen und Wiesenflächen, Gewässer und Wegesysteme. Innerhalb eines Parks können sich Gärten befinden, die dem Anbau bestimmter Pflanzen dienen (zum Beispiel Küchengärten). Die Begriffe Garten und Park werden allerdings häufig synonym gebraucht.;Benutzt für größere Anlagen, die wesentlich durch Baumbestand bestimmt sind.;;
Pavillon (Bauwerk);;;;;
Pechhütte;Eine Pechhütte ist ein Betrieb, in dem das Pech gesiedet wird.;;Benutzt für den Betrieb und das Gebäude.;;
Pechofen;Ein Pechofen ist ein Kuppelofen, in dem harzige Stücke Holz von Kiefern und Fichten zu Pech oder Teer eingekocht werden.;;;;
Peristyl;Ein Peristyl ist ein Gebäudeteil, der einen Hof oder Garten auf allen Seiten in Form eines Säulenganges umringt.;;;;
Pfahlgründung;Eine Pfahlgründung ist eine Tiefgründung, bei der Pfähle in den Baugrund gebohrt oder gerammt werden, bis eine ausreichend tragfähige Bodenschicht oder Gesteinsschicht erreicht ist.;;;;
Pfahlrost;Ein Pfahlrost ist eine Tiefgründung, bei der Pfähle oder Pfahlgruppen durch eine Rostplatte zu einer einheitlich tragenden Gründung miteinander verbunden werden.;;;;
Pfalz (Bauwerk);Eine Pfalz ist ein Baukomplex, zu dem neben Wohnbauten und Wirtschaftsgebäuden, die auch abseits liegen können, vor allem Kapelle und Saalbau gehören und der im Mittelalter dem König, einem Herzog, Grafen oder Bischof als Verwaltungs- und Amtssitz diente.;Wenn Pfalzen auch befestigt sind, so steht der Zweck als Wehrbau doch nicht im Vordergrund. Im Gegensatz zu den Königspfalzen, die den König und seinen Hof nur zeitweise beherbergen, dienen die anderen Pfalzen häufig als ständige Sitze.;;;
Pfeifenbäckerei;Eine Pfeifenbäckerei ist ein Betrieb, in dem aus so genanntem Pfeifenton Tabakspfeifen produziert werden.;;;;
Pfeiler;Ein Pfeiler ist eine Stütze, die aus Mauerwerk besteht und rechteckigen, quadratischen, polygonalen oder runden Querschnitt hat.;;;;
Pferch;Ein Pferch ist ein offener Raum, der durch transportable Zäune eingefriedet ist und in dem das Vieh zur Nacht zusammengetrieben werden kann.;;;;
Pflaster (Oberflächenelement);;;;;
Pflugspur;Eine Pflugspur ist eine Spur, die als rillenförmige Verfärbung im Boden erhalten ist und vermutlich durch die Verwendung eines Pflugs entstanden ist.;;;;
Pfosten;;;;;
Pfostenbau (Bauwerk);;;;;
Pfostengrube;Eine Pfostengrube ist eine Grube, die ausgehoben wird um einen Pfosten im Erdboden aufzustellen.;;;;
Pfostengrubenreihe;;;"Benutzt für die im archäologischen Befund nachweisbaren Reihen von Pfostengruben; für die eigentlichen, in einer Reihe stehenden Pfosten siehe Pfostenreihe.";;
Pfostenreihe;;;"Benutzt für die eigentlichen, in einer Reihe stehenden Pfosten; für die im archäologischen Befund nachweisbaren Reihen von Pfostengruben siehe Pfostengrubenreihe.";;
Pfostenspur;Eine Pfostenspur ist eine Verfärbung, die in einer Pfostengrube den Standort des vergangenen Pfostens anzeigt.;;;;
Pfostenstickung;;;;;
Pinge;Eine Pinge ist eine Abbaustelle, die aufgelassen und teilweise verfüllt ist. Pingen zeichnen sich im Gelände durch zumeist trichterförmige bis schüsselförmige Vertiefungen ab.;;;;
Pingenfeld;Ein Pingenfeld ist ein Bergbaugebiet, das mehr oder weniger groß ist, in dem sich eine Anzahl von Pingen befindet und in dem auch weitere Relikte bergbaulicher Tätigkeiten erhalten sein können.;;;;
Plagge (Landwirtschaft);Eine Plagge ist eine Sode mit darauf befindlicher Vegetation, welche in der Regel nach einer Nutzung als Einstreu anschließend auf weniger nährstoffreiche Ackerflächen aufgebracht wurde, um die landwirtschaftliche Produktivität zu steigern.;;;;
Planierung;;;;;
Platz (Städtebau);Ein Platz ist ein offener Raum, der in der Regel durch Bauwerke begrenzt ist und im städtebaulichen Kontext steht.;;"Benutzt für freien Raum, der im städtebaulichen Kontext entstanden ist und in der Regel von Bauwerken begrenzt wird; für Plätze außerhalb des städtebaulichen Kontext siehe Offene Räume.";;
Pochwerk;Ein Pochwerk ist eine Mühle, die dem Zerkleinern von Erz dient. Dazu werden Pochstempel mit sogenannten Pochschuhen aus Eisen über eine Welle angehoben und auf die Erzstücke fallen gelassen.;;;;
Podiumstempel;Ein Podiumstempel ist ein Tempel, der auf einem hohen Unterbau ruht und mit einer Freitreppe an der Front ausgestattet ist.;;;;
Porta decumana;Die Porta Decumana ist als Tor Bestandteil eines römischen Militärlagers. Es liegt innerhalb der Schmalseite des Lagers im rückwärtigen Teil gegenüber der Hinterfront der Principia.;;;;
Porta praetoria;Die Porta praetoria ist ein Tor, das in einer Schmalseite des Lagers gegenüber der Front der Principia liegt und den Hauptzugang in ein römisches Militärlager markiert.;;;;
Porta principalis dextra;Die Porta principalis dextra ist ein Tor, das in der rechten Breitseite eines römischen Militärlagers liegt.;;;;
Porta principalis sinistra;Die Porta Principalis Sinistra ist das Tor eines römischen Lagers, das in der linken Breitseite des Lagers liegt.;;;;
Portikus;Ein oder eine Portikus ist ein Gebäudeteil, der als von Säulen oder Pfeilern getragene offene Halle einem Gebäude vorgesetzt ist.;;;;
Postamt (Bauwerk);Ein Postamt ist ein Gebäude, in dem in der Zeit von 1871 bis 1994 Einrichtungen zur postalischen Beförderung und Verteilung von schriftlichen Nachrichten, Briefpost und Paketpost untergebracht sind.;;"Benutzt für das Amtsgebäude der Post zwischen 1871 und 1994; für das Postgebäude vor 1871 siehe Poststation und nach 1995 siehe Postagentur.";1871;1994
Praefurnium;Das Praefurnium ist der Teil des Hypokaustums, in dem in römischer Zeit das Feuer brannte. Von hier aus wurde die Hitze in die Hypokausten geleitet. Zum Praefurnium gehörte ein Bedienraum.;;;;
Praetorium;Das Praetorium ist ein Gebäude, das in einem römischen Militärlager liegt und in dem der Kommandeur residiert.;;;;
Principia (Bauwerk);;;;;
Profil (Archäologie);Ein Profil ist eine Stelle, die einen senkrechten Schnitt durch die Erdoberfläche grafisch darstellt.;;;;
Pulvermühle;Eine Pulvermühle ist eine Mühle, in der Salpeter, Schwefel und Holzkohle für die Herstellung von Schwarzpulver zerkleinert und gemischt werden.;;;;
Punktfundament;;;;;
Quelle (Gewässer);Eine Quelle ist ein Gewässer, bei dem Grundwasser auf natürliche Weise austritt, wodurch ein Übergangsbereich zwischen Grundwasser und Fließgewässer ausgebildet wird.;;;;
Quellfassung;Eine Quellfassung ist ein Bauwerk, das um den Austritt einer Quelle an die Erdoberfläche errichtet wird.;;;;
Quellheiligtum;Ein Quellheiligtum ist ein Naturheiligtum, das als Kultplatz an Quellen mit niedergelegten Weihefunden und Opferfunden nachgewiesen ist.;Die lebensspendende, gesundheitsspendende und fruchtbarkeitsspendende Rolle des Wassers sowie der Glaube an den Sitz über- und unterirdischer Kräfte an Quellen bilden den kultisch-religiösen Hintergrund.;;;
Radkasten;Ein Radkasten ist ein Bestandteil, in dem ein Rad läuft. Er gehört zu Vorrichtungen wie Wassermühlen, Schiffen oder Kraftfahrzeugen.;;Benutzt immer in Kombination mit der Vorrichtung, zu der er gehört.;;
Raubgräberloch;Ein Raubgräberloch ist eine Grube, die im Zusammenhang mit Raubgrabungen unerlaubt angelegt wird und bei deren Erstellung zumindest Teile von archäologischen Befunden gestört oder zerstört werden.;;;;
Räucherofen;Ein Räucherofen ist ein Ofen, in dem Fleisch, Fisch oder Geflügel speziell im Rauch zubereitet und haltbar gemacht wird.;"Er besitzt zwei Kammern: die obere, größere ist für die Räucherware; die untere, kleinere ist für das Feuerholz, das den Rauch entwickelt und dem Fleisch das Aroma verleiht.";;;
Raum (Gebäudeteil);;;;;
Ravelin;Ein Ravelin ist der Bestandteil einer Festung, der als Verteidigungswerk am äußeren Rand des Hauptgrabens gegenüber der Kurtine liegt.;;;;
Refektorium;Ein Refektorium ist ein Saal, der in einem Kloster als Speisesaal des Konventes dient und sich in der Regel in demjenigen Flügel des Kreuzgangs befindet, der der Kirche gegenüberliegt.;;;;
Reihengräberfeld;;;;;
Reithalle;Eine Reithalle ist eine Pferdesportanlage in Form einer Halle, die speziell für den Reitsport konzipiert ist.;;;;
Remise;Eine Remise ist ein Gebäude, das vorrangig dem Unterstellen von Wagen, Fahrzeugen usw. dient und in der Regel offen und nicht verschließbar ist.;Regional werden jedoch auch mit Toren verschließbare Unterstellschuppen und Unterstellhallen als Remise bezeichnet.;;;
Rennofen;Ein Rennofen ist ein Schachtofen, dessen Schacht aus einem Lehmmantel besteht, in dem aufgrund der erreichten Temperaturen kein flüssiges Eisen sondern Luppen erzeugt werden.;;;;
Revisionsschacht;;;;;
Richtstätte;Eine Richtstätte ist ein offener Raum, an welchem ein Urteil vollstreckt wird, also ein Verurteilter gerichtet oder hingerichtet wird.;;;;
Ringofen;Ein Ringofen ist ein Kammerofen, in dem kontinuierlich Ziegel, Keramik, Kalk oder Zement gebrannt werden und aus mehreren ringförmig oder oval angeordneten Brennkammern besteht.;;;;
Ringwall;Ein Ringwall ist eine Wallanlage, die eine mehr oder weniger runde Form hat und einen oder mehrere größere offene Räume umschließt, die zur Verteidigung, aus religiösen Gründen, als Versammlungsorte oder als Besiedlung genutzt werden.;Der Wallanlage kann ein Graben vorgelagert sein, es können sich ein oder mehrere Tore in der Wallanlage befinden. Eine Innenbebauung kann es je nach Nutzung geben.;;;
Risalit;Ein Risalit ist ein Gebäudeteil, der in ganzer Höhe des Bauwerks vorspringt, auch höher sein kann und oftmals ein eigenes Dach hat.;;;;
Römisches Militärlager;;;;;
Rösche (Bergbau);Eine Rösche ist ein Erdbauwerk, in Form eines flachen Grabens oder einer Rinne, das im unteren Bereich eines Stollens liegt und der Wasserableitung dient.;;;;
Sägemühle;Eine Sägemühle ist eine Mühle, in der Baumstämme zu Balken, Brettern, Latten oder Dielen geschnitten werden.;;"Benutzt für den Baukomplex; für den industriell geführten Betrieb siehe Sägewerk.";;
Sakralbau;Ein Sakralbau ist ein Gebäude, das Kultzwecken dient. Zu den Sakralbauten zählen der Kirchenbau, Tempelbau und die Moschee.;;;;
Sammelbecken (Bauwerk);Ein Sammelbecken ist ein Becken, in dem Flüssigkeiten gespeichert werden.;;;;
Sarg;Ein Sarg ist ein Behälter, in den Tote gelegt und beigesetzt werden.;Ein Sarg hat die Form eines langen Kastens. Er wird mit einem Deckel verschlossen und kann aus unterschiedlichen Materialien hergestellt sein.;;;
Sarkophag;Ein Sarkophag ist ein Sarg, der aus Stein gefertigt ist, mit Reliefs verziert, bemalt oder auch mit Inschriften versehen ist. Vorwiegend dient er der repräsentativen Bestattung höhergestellter Personen.;;;;
Säule;Eine Säule ist eine Stütze, die einen kreisförmigen Querschnitt hat, im Gegensatz zum Rundpfeiler in der Regel mit Verjüngung und manchmal auch mit Entasis. Sie lässt sich gewöhnlich in Basis, Schaft und Kapitell gliedern.;;;;
Schacht (Bauwesen);;;;;
Schädelbestattung (Grab);Eine Schädelbestattung ist ein Grab, in dem nur der vom Körper getrennte Kopf beigesetzt wird. In einem Grab können sich auch Köpfe mehrerer Individuen befinden.;;;;
Schanze (Befestigungsanlage);Eine Schanze ist eine Feldbefestigung, die aus einem Wall aus aufgeworfener Erde besteht und mit einem Graben ausgestattet ist.;;;;
Scherbenhügel;Ein Scherbenhügel ist eine Halde, in der Fehlbrände von Töpfereien oder zu Bruch gegangene keramische Gefäße zur endgültigen Entsorgung abgelagert werden.;;;;
Scherbennest;;;;;
Scheune;Eine Scheune ist ein Gebäude, das dem Lagern des Erntegutes dient.;;;;
Schicht (Archäologie);Eine Schicht ist eine einheitlich strukturierte, räumlich begrenzte, meist horizontal liegende Bodenverfärbung oder Materialkonzentration. Diese Schichten können natürlich entstanden oder künstlich angelegt worden sein.;;;;
Schießstand;Ein Schießstand ist eine Sportstätte, in der Übungsschießen und Wettkampfschießen durchgeführt werden. Der Begriff wird sowohl für zivile als auch für militärische Anlagen genutzt.;;;;
Schiff (Wasserfahrzeug);Ein Schiff ist ein größeres Wasserfahrzeug, das auf dem Wasser schwimmt und über einen eigenen Antrieb in Form von Segeln, Motoren oder Riemen verfügt. Es besitzt einen länglichen Rumpf, selten mehrere, der an einem oder beiden Enden schmal oder spitz zuläuft. Im Unterschied zum Boot ist es größer und aufgrund seiner Bauweise in der Regel seetüchtiger.;;;;
Schifffahrtskanal;Ein Schifffahrtskanal ist eine Wasserstraße, die künstlich angelegt ist und vor allem für die kommerzielle Schifffahrt genutzt wird.;;"Benutzt für schiffbaren Kanal; für künstlichen Wasserlauf für Abwässer, Bewässerung oder Entwässerung siehe Kanal (Wasserbau).";;
Schiffswerft;;;;;
Schlachtfeld;Ein Schlachtfeld ist ein offener Raum, auf dem sich eine kriegerische Auseinandersetzung, eine Schlacht, ereignet hat.;;;;
Schlachtplatz (Wirtschaft);Ein Schlachtplatz ist ein offener Raum, in dem Tierkörper zerteilt, entbeint, portioniert werden.;;;;
Schlackenhalde;Eine Schlackenhalde ist eine Halde, die aus Reststoffen des Verhüttungsprozesses besteht.;;;;
Schlagplatz;;;;;
Schleiferei (Wirtschaft);Eine Schleiferei ist ein Betrieb, in dem unbearbeitete Grundstoffe oder vorgefertigtes Halbzeug wie Glas, Stein, Edelsteine und Metalle durch Schleifen endbearbeitet werden.;;;;
Schleuse (Wasserbau);Eine Schleuse ist ein Bauwerk zur Überwindung von Höhenunterschieden in staugeregelten Flüssen und Kanälen.;;;;
Schleusenwehr;Ein Schleusenwehr ist ein Wehr, das der Regulierung des Wasserstandes an einer Schleuse dient und fest in der Wasserstraße installiert ist.;;;;
Schlitzgrube;Eine Schlitzgrube ist eine Grube, die in der Archäologie eine schmale, aber zwei bis drei Meter lange und bis zu vier Meter tiefe Grube bezeichnet. Der Querschnitt keilförmig ist. Die Enden sind im Profil gerade oder nur leicht schräg abgerundet.;;;;
Schlitztenne;;;;;
Schloss (Bauwerk);Ein Schloss ist ein Baukomplex, der aus einem repräsentativen Gebäude, Nebengebäuden und häufig auch Wirtschaftsgebäuden, Außenanlagen und Freiflächen, Gärten und Gewässern besteht und bei dem je nach Größe und Lage einzelne Teile entfallen können.;Von der Burg unterscheidet sich das Schloss durch den Vorrang des Repräsentativen und die größere Bequemlichkeit der Wohnung. Allerdings sind die Grenzen fließend, so dass es zahlreiche Überschneidungen zwischen Burg und Schloss gibt.;;;
Schmelzofen;;;;;
Schmelzplatz;;;;;
Schmiede;Eine Schmiede ist ein Betrieb, in dem schmiedbare Metalle durch Warmverformung und Kaltverformung bearbeitet werden.;;;;
Schurf;Ein Schurf ist eine Grube, die relativ flach ist und  lediglich zur Auffindung von oberflächennahen Lagerstätten angelegt wird. ;;;;
Schürfgrube (Bauwesen);Eine Schürfgrube ist eine Grube, die zur Erkundung des Baugrunds angelegt wird.;;;;
Schürmündung;;;;;
Schützengraben;;;;;
Schützenloch;;;;;
Schwarzerderelikt;;;;;
Schwellbalkenkonstruktion;;;;;
Schwelle (Fachwerk);;;;;
Schwellenbau;Der Schwellenbau ist ein Gebäude, dessen Wände auf waagrechten Schwellen aufsitzen.;;"Benutzt für das Gebäude; für die Baukonstruktion siehe Schwellbalkenkonstruktion.";;
Schwimmbad;Ein Schwimmbad ist ein Bad oder eine Sportstätte, die aus einem oder mehreren Schwimmbecken, Umkleideräumen, gegebenenfalls Liegewiesen besteht und von einem Bademeister beaufsichtigt wird.;;;;
Siechenhaus;"Ein Siechenhaus ist ein Hospital, das in der Zeit vom 11. bis zum 18. Jahrhundert der Aufnahme und Verpflegung sowie der Quarantäne von unheilbar Kranken (""Siechen"") diente.";;"Benutzt für die in der Zeit vom 11. bis zum 18. Jahrhundert als Pflegeheim genutzte Einrichtung; für die medizinische Einrichtung seit dem 18. Jahrhundert siehe Krankenhaus.";;
Siedlung;Eine Siedlung ist in der gebauten Umwelt eine menschliche Niederlassung, die aus Wohnbauten und Zweckbauten sowie der dazugehörigen Infrastruktur besteht.;;;;
Skelett (Körperbestandteil);Ein Skelett ist der Bestandteil eines Tiers oder Menschen, der das tragende Gerüst aus festem Gewebe bildet. So handelt es sich dabei etwa bei Wirbeltieren um die Gesamtheit der Knochen oder bei bestimmten Fischen um die der Knorpel.;;;;
Sohlgraben;Ein Sohlgraben ist ein Graben, der einen flachen Boden (Grabensohle) hat, sodass das Grabenprofil U-förmig ist.;;;;
Soldatenfriedhof;Ein Soldatenfriedhof ist eine Kriegsgräberstätte, auf dem während eines Krieges gefallene Soldaten beigesetzt sind.;;;;
Speicher (Bauwerk);Ein Speicher ist ein Lagergebäude, in dem Güter aufbewahrt werden.;;;;
Spinnerei;Eine Spinnerei ist ein Betrieb, in dem aus Fasern Fäden gesponnen werden.;;Benutzt für den Handwerksbetrieb und den Industriebetrieb.;;
Spitzgraben;Ein Spitzgraben ist ein Befestigungsgraben, der keine Sohle besitzt, sondern dessen Grabenwände stattdessen in spitzem Winkel aufeinandertreffen.;;;;
Sportplatz;Ein Sportplatz ist ein Platz, der als große, ebene und freie Fläche angelegt ist, zum Treiben von Sport oder der Austragung von Wettbewerben dient und zu dem meist auch Umkleidemöglichkeiten gehören.;;;;
Stadt (Siedlung);Eine Stadt ist eine dauerhafte Siedlung, die mit bestimmten Rechten ausgestattet ist.;Kennzeichnend sind ferner eine höhere bauliche Verdichtung und die Ausübung zentralörtlicher Funktionen für ein Umland, etwa in den Bereichen Verwaltung, Wirtschaft, Bildung und Kultur.  Charakteristisch ist die Ansiedlung einer stark arbeitsteiligen Wirtschaft.;;;
Stadtbefestigung;Eine Stadtbefestigung ist eine Befestigungsanlage, die einer städtischen Siedlung zu deren Sicherung, Befriedung oder Verteidigung dient.;;"Benutzt für Anlagen zur Befestigung einer städtischen Siedlung, die aufgrund ihrer Bauform und ihres Baumaterials nicht als Stadtmauer zu bezeichnen sind; für das als massive Konstruktion aus Stein gemauerte Bauwerk siehe Stadtmauer.";;
Stadtgraben;Ein Stadtgraben ist ein Befestigungsgraben, der um eine Stadt herum führt und diese sichert.;;;;
Stadtkern;Ein Stadtkern ist ein Ortskern, der im Zentrum einer Stadt liegt und deren stärkste bauliche Verdichtung und die Konzentration städtischer Funktionen aufweist.;;;;
Stadtmauer;Eine Stadtmauer ist eine Umfassungsmauer, die um eine Stadt führt und zu deren Sicherung, Befriedung, Befestigung oder Verteidigung dient.;Eine Stadtmauer kann auch um eine Siedlung führen, die im rechtlichen Sinne nicht als Stadt gilt, aber als Freiheit oder gefreiter Ort durch ein entsprechendes Privileg (Befestigungsrecht) das Recht zur Errichtung einer Wehrmauer hat.;"Benutzt für das als massive Konstruktion aus Stein gemauerte Bauwerk; für sich aufgrund ihrer Bauform und ihres Baumaterials davon unterscheidende Anlagen zur Befestigung einer städtischen Siedlung siehe Stadtbefestigung.";;
Stall;Ein Stall ist ein Gebäude oder ein Gebäudeteil, in dem Tiere untergebracht werden.;;;;
Ständerwand (Ofen);;;;;
Stauanlage;Eine Stauanlage ist ein Baukomplex oder Bauwerk, das den natürlichen Wasserspiegel eines Gewässers durch Verringerung des Wasserabflusses anhebt und zu dem Wehre und Talsperren zählen.;;;;
Staudamm;Ein Staudamm ist ein Damm, der als Bestandteil einer Stauanlage aus aufgeschütteten Baustoffen besteht und das Gebiet abschließt, in dem ein Gewässer aufgestaut wird.;;;;
Stauteich;Ein Stauteich ist ein Teich, in dem Wasser für eine spätere gewerbliche Nutzung angestaut wird.;;;;
Steg (Bauwerk);Ein Steg ist eine Brücke, die als Übergang über Gewässer dient und im Verhältnis zu einer Brücke kleiner und schmaler ist und nicht für den Autoverkehr geeignet ist.;;;;
Stehender Ofen;Ein Stehender Ofen ist ein Brennofen, bei dem Feuerung und Brennraum übereinander angeordnet sind und durch eine horizontale Lochtenne oder Schlitztenne getrennt werden, sodass das Brenngut von unten mit Heizluft bestrichen wird.;;;;
Steinbruch;Ein Steinbruch ist eine Abbaustelle, an der aus anstehendem Fels nutzbares Gestein gewonnen wird, dessen Abbau meist obertägig erfolgt.;;;;
Steinkeller;Ein Steinkeller ist ein Keller, dessen Wände aus Mauerziegeln oder Bruchsteinen besteht.;;;;
Steinkistengrab;Ein Steinkistengrab ist ein Grab, bei dem mehrere zumeist unbearbeitete Steinplatten so aufgestellt sind, dass eine Grabkammer entsteht, die anschließend mit Erdboden überdeckt wird.;;;;
Steinkonzentration;Eine Steinkonzentration ist ein allgemeiner Begriff der Archäologie, der eine Konzentration von Bruchsteinen bezeichnet.;;;;
Steinkreuz;Ein Steinkreuz ist ein Gedenkkreuz, das aus Stein heraus gearbeitet wird. Steinkreuze sind häufig Flurdenkmale.;;;;
Steinplattengrab;Ein Steinplattengrab ist ein Plattengrab, dessen Grabgrube mit flachen, aufrecht stehenden Steinplatten ausgekleidet ist.;;;;
Steinsetzung;Eine Steinsetzung ist ein Bauwerk, das aus Steinen besteht, die in unterschiedlicher Form horizontal zueinander angeordnet sind.;;Benutzt für archäologische Fundplätze und Befunde.;;
Steinzeugofen;Ein Steinzeugofen ist ein Töpferofen, in dem zumeist Steinzeug gebrannt wird.;;;;
Sternschanze;Eine Sternschanze ist eine Schanze, deren geschlossenes Außenwerk auf einer sternförmigen Grundfläche ruht.;;;;
Stickung;Die Stickung ist der Bestandteil des Fundamentunterbaus, der aus losem, nicht vermörteltem Material (Bruchsteinen, Ziegelbruch und anderen Materialien) besteht und auf der Sohle des Fundamentgrabens liegt.;;"Benutzt für den Fundamentunterbau aus losem, nicht vermörteltem Material; für das entsprechende Bauteil aus Beton oder einer Kiesschicht siehe Sauberkeitsschicht.";;
Stiftsgebäude;Ein Stiftsgebäude ist ein Gebäude, das zu einem kirchlichen Stift gehört.;;;;
Störung (Archäologie);Störung ist ein allgemeiner Begriff der Archäologie, der einen Bodeneingriff bezeichnet, der einen anderen Befund stört, z.B. überschneidet, überdeckt oder durchschneidet und relativchronologisch jünger als der gestörte Befund datiert wird.;;;;
Straße;Eine Straße ist ein Landverkehrsweg, der in erster Linie für die Nutzung mit Fahrzeugen angelegt ist.;;Benutzt für die befestigte Fahrbahn sowie zugehörige Bürgersteige, Bankette, Straßengräben und Straßenbäume.;;
Straßendamm;;;;;
Straßengraben;Ein Straßengraben ist ein Entwässerungsgraben, der die Straße begleitet und das von ihr abfließende Oberflächenwasser aufnimmt.;;;;
Straßenposten;Ein Straßenposten ist eine militärische Anlage, die unterschiedliche Kontrollmöglichkeiten an Verkehrswegen umfasst.;;;;
Straßensperre;Eine Straßensperre ist ein Bauwerk, das sowohl ortsfest als auch mobil sein kann und auf einem Verkehrsweg zum Stoppen und Kontrollieren des fließenden Verkehrs dient.;;Benutzt in Kombination mit dem spezifischen Begriff für das versperrende Objekt.;;
Streifenflur;Eine Streifenflur ist eine Flurform, die einen Flurtyp mit lang gestreckten Parzellen charakterisiert.;;;;
Streifenhaus;Ein Streifenhaus ist ein Gebäude, das typisch für die römische Zeit ist. Seine Form ist lang gestreckt und die schmale Giebelseite zeigt zur Straße.;;"Benutzt für den römischen Haustyp; für andere Gebäude mit Wohnfunktion siehe Wohnhaus.";;
Stückofen;Ein Stückofen ist ein Schachtofen, dessen viereckiger Schacht gemauert aber relativ flach ist. Die Belüftung erfolgt durch Blasebälge, die mit Wasserkraft angetrieben werden.;Ein Stückofen ist eine Weiterentwicklung der Rennfeueröfen und einer der Vorläufer der Hochöfen.;;;
Stufenrain;Ein Stufenrain ist ein Rain, der Bestandteil einer Ackerterrasse ist und die vordere in Pflugrichtung verlaufende Begrenzung parallel zum Hang bildet.;;;;
Suspensura;;;;;
Synagoge;Eine Synagoge ist ein Sakralbau, in dem gläubige Juden den Gottesdienst feiern.;In der Synagoge finden auch Gemeindeversammlungen, Sprachunterricht und Religionsunterricht statt.;;;
Teich;;;;;
Tempel;Ein Tempel ist ein Sakralbau, der anderen Religionen als der christlichen, jüdischen oder muslimischen als Kultraum oder Kultgebäude dient.;;;;
Tepidarium;;;;;
Terrassenacker;Ein Terrassenacker ist eine Ackerfläche, die bevorzugt an Hängen angelegt wird und aus mehreren Ackerterrassen besteht.;;;;
Thermen;;;;;
Tierbau;Ein Tierbau ist eine tierische Architektur, in Form eines unterirdisch durch Tiere angelegten Hohlraumes.;;;;
Tiergrab;Ein Tiergrab ist ein Grab, in dem ein oder mehrere Tiere bestattet werden.;;;;
Tonaufbereitungsgrube;Eine Tonaufbereitungsgrube ist eine Grube, in der der Ton für die weitere Bearbeitung vorbereitet wird. Dazu gehören u.a. die Zugabe von Wasser und Magerungsbestandteilen.;;;;
Tongrube;Eine Tongrube ist eine Abgrabung, in der Ton abgebaut wird.;;;;
Töpferei;Eine Töpferei ist ein Betrieb, in dem aus Ton Gefäße und Skulpturen geformt und anschließend im Ofen gebrannt werden.;;;;
Töpferofen;Ein Töpferofen ist ein Brennofen, in dem aus Ton gefertigte Waren zur Gebrauchsfähigkeit fest gebrannt werden. Dessen Bau, Form und Einrichtungen richten sich nach der Beschaffenheit der zu brennenden Ware und des Brennmaterials.;;;;
Toranlage;Eine Toranlage ist der Bestandteil einer Befestigungsanlage, der sich um deren Tor gruppiert und auf jeden Fall aus Tor und Torweg besteht, wobei Torbauten, Torzwinger u.a. fallweise hinzutreten können.;;"Benutzt für Baukomplexe bei Befestigungen; für das als Durchgang oder Durchfahrt genutzte funktionelle Architekturelement siehe Tor (Architektur).";;
Totenbrett;Ein Totenbrett ist ein Objekt, das die Form eines Brettes hat, auf dem Tote bis zum Begräbnis aufgebahrt werden und das anschließend mit ins Grab gegeben werden oder zur Erinnerung an den Verstorbenen, teilweise mit Inschriften und Malereien verziert, aufgestellt werden kann und damit auch die Funktion eines Informationsträgers übernimmt.;;;;
Treppe;Von Stufen gebildeter Aufgang, der unterschiedlich hoch liegende Ebenen innerhalb und außerhalb von Gebäuden verbindet bzw. an Steigungen im Gelände angelegt ist.;;;;
Trockenhaus;Ein Trockenhaus ist ein Gebäude, das so konstruiert ist, dass Luft reguliert hindurchströmen kann, um so darin eingelagerte Güter zu trocknen.;;;;
Trockenmauergrab;Ein Trockenmauergrab ist ein Grab, dessen Grabgrube durch mörtellose Bruchsteinwände verkleidet ist.;;;;
Trockenrinne;Eine Trockenrinne ist in der Geologie ein Geländeeinschnitt, der nur zeitweise bei hohem Niederschlagsaufkommen Wasser führt.;Typisch sind Trockenrinnen in Gebieten mit sehr durchlässigem Boden, wo das Niederschlagswasser in der Regel schneller versickert als es oberirdisch abfließt.;;;
Trümmerstelle;Eine Trümmerstelle ist eine Siedlung, die durch eine Konzentration von römischen Ziegelbruchstücken und Scherben auf der Geländeoberfläche den ehemaligen Standort anzeigt.;;;;
Turm (Bauwerk);Ein Turm ist ein hoch aufragendes Bauwerk mit relativ geringem Umfang. Er kann freistehend oder Teil eines größeren Bauwerks sein.;;;;
Turnhalle;Eine Turnhalle ist eine Sporthalle, die für den Turnunterricht oder ähnliche sportliche Betätigungen eingerichtet ist.;;;;
Türschwelle;Eine Türschwelle ist ein Bauteil, das als Bestandteil einiger Türen deren Öffnung nach unten abschließt.;;;;
Übungslager (Militär);;;;;
Uferbefestigung (Bauwerk);Eine Uferbefestigung ist ein Bauwerk, das als Maßnahme gegen die Beschädigung oder Zerstörung des Gewässerufers errichtet wird.;;;;
Umgangstempel;;;;;
Unterstand (Militär);;;;;
Urnengrab;Ein Urnengrab ist ein Brandgrab, in dem sich der Leichenbrand und gegebenenfalls vorhandene Beigaben in einer Urne befinden.;;;;
Ustrine;Eine Ustrine (Ustrina) ist ein Verbrennungsplatz, der in Verbindung zu einem Brandgräberfeld oder einem sonstigen Bestattungsplatz steht, auf dem die Verstorbenen auf einem Scheiterhaufen verbrannt werden, wobei auch die Beigaben mit verbrannt werden können und der sich in der Regel als Verfärbung im archäologischen Befund abzeichnet.;In der Römischen Kaiserzeit ist er auch ein selbstständiger Verbrennungsofen oder ein Krematorium mit getrenntem Verbrennungsraum und Heizraum.;Benutzt für den Verbrennungsplatz.;;
Valetudinarium;Ein Valetudinarium ist ein Lazarett, das Bestandteil eines römischen Lagers ist, bei dem sich in der Regel eine oder zwei Reihen von Krankenzimmern, die durch Gänge verbunden sind, um einen Innenhof gruppieren und in dem sich separate Behandlungsräume, Verwaltungsräume oder Lager befinden können.;;;;
Verfüllung;;Bezeichnet bei der archäologischen Schichtenansprache das Material, mit dem ein Hohlraum intentionell oder natürlich wieder aufgefüllt wurde;;;
Verhüttungsplatz;;;;;
Verschanzung (Bauwerk);Eine Verschanzung ist eine Befestigungsanlage, die aus aufgeschütteten Wällen besteht und Wallrechtecke zur Feindseite hin aufweist.;Sie wurden zumeist in Handschachtung angelegt, zur Sicherung der eigenen Position. Sie waren ggf. verstärkt durch Holzeinbauten.;;;
Via decumana;Die Via decumana ist eine Straße, die in einem römischen Militärlager liegt und in dessen rückwärtigen Teil in der zentralen Längsachse die Verbindung von der Principia zur Porta Decumana herstellt. ;;;;
Via praetoria;Die Via praetoria ist eine Straße, die in einem römischen Militärlager liegt und in der Längsachse die Verbindung von der Front der Principia zum Haupttor (Porta Praetoria) herstellt. ;;;;
Via principalis;Die Via principalis ist eine Straße, die in einem römischen Militärlager liegt und die, parallel zur Front der Principia verlaufend, die Verbindung der beiden seitlichen Lagertore (Portae Principales) herstellt.;;;;
Via quintana;Die Via quintana ist eine Straße, die in einem römischen Militärlager liegt und im rückwärtigen Teil des Lagers parallel zur rückwärtigen Front der Principia verläuft.;;;;
Via sagularis;Die Via sagularis ist eine Straße, die in einem römischen Militärlager liegt und im Raum zwischen äußerem Befestigungsring und angrenzender Innenbebauung (Intervallum) rund um alle Baulichkeiten des Lagers führt.;;;;
Vicus;;;;;
Viehtrift;Eine Viehtrift ist ein Weg, auf dem Viehherden zu Weideplätzen getrieben werden und die oft seitlich durch Hecken, Zäune oder Trockenmauern begrenzt sind.;;;;
Villa;Eine Villa ist ein Wohnhaus, das als repräsentativer Bau auf dem Lande oder im Randbereich von städtischen Ansiedlungen steht und meist nur einer Familie dient.;Der Begriff Villa wurde in der Antike für repräsentative Landsitze geprägt. Die dem zugrunde liegende Idee blieb bis in die Gegenwart erhalten. In römischer Zeit wurde begrifflich zwischen ländlichen, vorstädtischen und städtischen Villen unterschieden. In nachrömischer Zeit wurde derartige begriffliche Unterschiede nicht mehr gemacht.;"Benutzt für Villen allgemein; für Villen in römischer Zeit siehe Villa rustica für ländliche Villen und Villa urbana für städtische Villen.";;
Villa rustica;;;;;
Villa urbana;;;;50;450
Vorburg;Eine Vorburg ist der Bestandteil einer Burg, der der Hauptburg vorgelagert und ebenfalls befestigt ist und auf dem vorrangig Wirtschaftsbauten stehen. ;;;;
Vorratsgrube;Eine Vorratsgrube ist eine Grube, die angelegt wird um landwirtschaftliche Erzeugnisse einzulagern.;;;;
Vorstadt;;;;;
Wachtturm;;;;;
Wagengrab;Ein Wagengrab ist ein Grab, bei dem ein Wagen oder Teile eines Wagens als Beigabe in das Grab gegeben werden. Der Bestattete kann auf oder neben dem Wagen liegen.;;;;
Wagenspur (Verkehr);Die Wagenspur ist eine Spur aus schmalen Vertiefungen, die sich durch häufiges befahren eines Verkehrsweges in dessen Längsrichtung bilden.;;;;
Waldweide;Eine Waldweide ist eine Weide, die sich im Wald befindet.;Durch den Weidegang entsteht ein meist lichter Bestand aus überwiegend Eichen oder Buchen. Die sich auf den Erdboden befindenden Eicheln und Bucheckern diente zusätzlich als Mastfutter. Die Weidewirtschaft wurde nur bis in die Mitte des 20 Jahrhundert betrieben.;;;
Walkmühle;Eine Walkmühle ist eine Stampfmühle, in der Gewebe durch Stoßen, Strecken und Pressen verdichtet, veredelt und zu Tuch verarbeitet werden.;;;;
Wall;Ein Wall ist ein Bauwerk, das aus Erde, Steinen oder Ähnlichem besteht und oft eine Schutzfunktion hat.;;;;
Wallanlage;;;;;
Wand (Architektur);Eine Wand ist ein Architekturelement, das einen Raum in der Senkrechten in voller Höhe und Breite begrenzt. Besteht die Raumbegrenzung aus Mauern, so meint Wand lediglich die sichtbare Oberfläche.;;;;
Wandgraben;Ein Wandgraben ist ein Graben, der die Lage einer Hauswand kennzeichnet.;Der Wandgraben kann als archäologischer Befund sowohl ein durchgehender, ungegliederter, schmaler Graben für die Aufnahme eines Schwellbalkens als auch ein schmaler Graben mit vielen kleinen Löchern für die Aufnahme einer Palisadenwand, Bretterwand o.ä. sein.;;;
Waschteich;;;"Waschteich benutzt für die Teiche, an denen Wäsche gewaschen wird; für Schlämmteiche, Waschteiche usw. im Bergbau, die dem Absetzen von Schwebstoffen dienen siehe Absetzbecken.";;
Wasserburg;Eine Wasserburg ist eine Burg, die vornehmlich zum Zweck des Schutzes allseitig von Wassergräben oder natürlichem Gewässer umgeben ist.;;;;
Wassergraben;Ein Wassergraben ist ein Bauwerk in Form eines Grabens, der künstlich angelegt oder den Verlauf eines Fließgewässers aufgreifend ausgebaut ist,  Wasser enthält und unterschiedlichen Zwecken dient, wie z.B. der Bewässerung, Entwässerung oder dem Schutz.;;;;
Wasserkunst;Eine Wasserkunst ist ein Fördersystem, das dem Anheben und Führen von Wasser dient.;;;;
Wasserleitung;Eine Wasserleitung ist ein Systembestandteil, das dem Transport von Wasser über größere Entfernungen dient.;;;;
Wassermühle;Eine Wassermühle ist eine Mühle, die zum Antrieb die Wasserkraft von Fließgewässern oder von künstlich angelegten Stauteichen und Gräben nutzt.;;;;
Weberei (Betrieb);Eine Weberei ist ein Betrieb, in dem auf Webstühlen oder Webmaschinen Stoffe hergestellt werden.;;Benutzt für Handwerksbetrieb und Industriebetrieb.;;
Weg (Verkehr);Ein Weg ist ein Landverkehrsweg, der begehbar oder befahrbar und meistens kaum oder gar nicht befestigt ist.;;;;
Wehr (Stauanlage);;;;;
Wehrturm;Ein Wehrturm ist ein Gebäude in Form eines Turmes, welcher nicht dem Zweck des ständigen Wohnens, sondern überwiegend der Verteidigung dient.;;;;
Weiher;Ein Weiher ist ein Standgewässer, das auf natürliche Weise entstanden und von geringer Tiefe ist.;;;;
Weiler;Ein Weiler ist eine dauerhafte Siedlung, die aus wenigen (3-15) eng oder locker zueinander stehenden Gehöften besteht und bei der Gebäude mit zentraler Funktion in der Regel fehlen.;Der Weiler stellt keine eigenständige kommunale Verwaltungseinheit dar, sondern ist einer Gemeinde angehörig.;;;
Werft (Betrieb);;;;;
Werkplatz;Ein Werkplatz ist ein offener Raum, der genutzt wird, um aus Rohstoffen einfache Objekte herzustellen.;;;;
Werkstatt;Eine Werkstatt ist ein Raum, in dem alle Arbeitsmittel vorhanden sind, die zur Herstellung oder Reparatur einer Ware in handwerklicher Tätigkeit erforderlich sind.;;;;
Windmühle;Eine Windmühle ist eine Mühle, an deren turmartigem Gebäude Flügel angebracht sind, die mit Windkraft die im Inneren des Gebäudes liegenden Vorrichtungen antreiben.;;;;
Wohnhaus;Ein Wohnhaus ist ein Bauwerk, das zu Wohnzwecken erbaut und genutzt wird.;;;;
Wohnstallhaus;Ein Wohnstallhaus ist ein Bauernhaus, in dem die Funktionen des Wohnens, der Viehhaltung und Lagerung unter einem Dach vereint sind.;;;;
Wohnturm;Ein Wohnturm ist ein Turm, der militärisch befestigt und zu einer dauerhaften Nutzung als Wohnung eingerichtet ist.;Aufgrund seiner massiven Bauweise kann ein Wohnturm Bestandteil einer Motte (wk000875) oder einer Burg sein. Vom Bergfried (wk001308) der Burg unterscheidet den Wohnturm seine Einrichtung für eine dauerhafte Bewohnung.;;;
Wölbacker;Ein Wölbacker ist ein Altacker, der aus mehreren parallelen, in der Mitte bis zu einem Meter erhöhten Ackerbeeten besteht und der meist nur noch als Flurwüstung vorhanden ist.;;;;
Wurt;Eine Wurt ist eine Aufschüttung, auf der eine Siedlung errichtet wird und die vor allem in Küstengebieten oder an Flussniederungen angelegt wird und dem Schutz vor Hochwasser oder der Flut dient.;;;;
Wüstung;Eine Wüstung ist ein offener Raum, der bewirtschaftet oder bewohnt war und durch verschiedene Faktoren wie Krieg, Seuchen oder wirtschaftliche Gründe aufgegeben wurde.;;;;
Zangentor;Ein Zangentor ist eine Toranlage, bei der der Wall bzw. die Befestigungsmauer auf beiden Seiten nach innen eingezogen sind, so dass vor dem eigentlichen Tor ein kurzer Hohlweg entsteht.;;;;
Zaun;Ein Zaun ist eine Einfriedung, die aus Holz oder Metall besteht und offene Räume voneinander abgrenzt oder schützend umgibt.;;;;
Zentralgrab;Ein Zentralgrab ist ein Grab, das sich meist zentral in einer Bestattungsanlage findet und in der Regel das Grab ist, für das die zugehörige Bestattungsanlage angelegt wird. ;;;;
Ziegelei;Eine Ziegelei ist ein Betrieb, in dem handwerklich oder industriell Ziegel geformt, getrocknet und gebrannt werden.;;Benutzt für den Handwerksbetrieb und den Industriebetrieb.;;
Ziegelkonzentration;Ziegelkonzentration ist ein allgemeiner Fachbegriff der Archäologie, der eine Konzentration von Ziegelbruchstücken bezeichnet.;;;;
Ziegelofen;Ein Ziegelofen ist ein Ofen, in dem Ziegelsteine gebrannt werden.;;;;
Ziegelplattengrab;Ein Ziegelplattengrab ist ein Plattengrab, dessen Boden, Wände oder Abdeckung ganz oder teilweise aus Ziegelplatten bestehen.;Ziegelplattengräber wurden vorwiegend in der römischen und fränkischen Periode angelegt, verwendet wurden in der Regel römische Ziegel.;;;
Zisterne;Eine Zisterne ist ein Wasserspeicher, der zum Auffangen und Speichern von Regenwasser zur Verwendung als Trinkwasser oder Nutzwasser dient. Sie ist damit Teil der Wasserversorgung.;;;;
Zitadelle;Eine Zitadelle ist der Bestandteil einer Festung, der selbstständig, in sich geschlossen, meist in beherrschender Lage und von der Stadt durch die Esplanade getrennt ist. Es dient als Kernfestung oder als Kernwerk, oft zugleich als Zeughaus und Kaserne.;;;;
Zollhaus;Ein Zollhaus ist ein Verwaltungsgebäude, in dem vor der Vereinbarung des Allgemeinen Zollabkommens und Handelsabkommens 1947/51 (General Agreement on Tariffs and Trade, GATT) Einrichtungen zur Durchführung, Abfertigung oder Verwaltung des Zolls untergebracht sind.;;"Benutzt für das Gebäude vor 1947/51 (Abschluss des Allgemeinen Zollabkommens und Handelsabkommens GATT); für Gebäude nach 1947/51 siehe Zollstation.";;
Zug (Ofen);;;;;
Zwinger (Architektur);Ein Zwinger ist ein Bauteil, das als Fläche der Ringmauer vorgelagert und nach außen von einer Zwingermauer begrenzt ist.;Auch die Fläche zwischen einem Hauptwall und einem Vorwall wird Zwinger genannt.;;;
